Region,Year,Catch_t,Units,Source_report,Data_status,Data_last_refreshed,SourceURL,Retrieved_utc,Source_sha256
BSAI,2003,1969730,metric tons,AKFIN GFSAFE001 Economic SAFE,Source report labels Economic SAFE data preliminary,"September 15, 2026","https://reports.psmfc.org/akfin/f?p=501:901:0:INITIAL:::P0_SHARE_DISPLAY,P0_SHARE_VIEW,P901_MIN_YEAR,P901_MAX_YEAR,P901_FMP_AREA,P901_SPECIES_GROUP:%5CR%5C,%5Creport%5C,%5C2003%5C,%5C2008%5C,%5CBering%20Sea%20and%20Aleutian%20Islands%5C,%5CAll%20Groundfish%3AAtka%20Mackerel%3AFlatfish%3AOther%20Groundfish%3APacific%20Cod%3APollock%3ARockfish%3ASablefish%5C",2026-09-30T04:45:15+00:00,a2042fb43fa052ed9ee60cddf4b83d4f4e69c948759a28bd9e87f5d2c956ccf3
BSAI,2004,1979754,metric tons,AKFIN GFSAFE001 Economic SAFE,Source report labels Economic SAFE data preliminary,"September 15, 2026","https://reports.psmfc.org/akfin/f?p=501:901:0:INITIAL:::P0_SHARE_DISPLAY,P0_SHARE_VIEW,P901_MIN_YEAR,P901_MAX_YEAR,P901_FMP_AREA,P901_SPECIES_GROUP:%5CR%5C,%5Creport%5C,%5C2003%5C,%5C2008%5C,%5CBering%20Sea%20and%20Aleutian%20Islands%5C,%5CAll%20Groundfish%3AAtka%20Mackerel%3AFlatfish%3AOther%20Groundfish%3APacific%20Cod%3APollock%3ARockfish%3ASablefish%5C",2026-09-30T04:45:15+00:00,a2042fb43fa052ed9ee60cddf4b83d4f4e69c948759a28bd9e87f5d2c956ccf3
BSAI,2005,1981117,metric tons,AKFIN GFSAFE001 Economic SAFE,Source report labels Economic SAFE data preliminary,"September 15, 2026","https://reports.psmfc.org/akfin/f?p=501:901:0:INITIAL:::P0_SHARE_DISPLAY,P0_SHARE_VIEW,P901_MIN_YEAR,P901_MAX_YEAR,P901_FMP_AREA,P901_SPECIES_GROUP:%5CR%5C,%5Creport%5C,%5C2003%5C,%5C2008%5C,%5CBering%20Sea%20and%20Aleutian%20Islands%5C,%5CAll%20Groundfish%3AAtka%20Mackerel%3AFlatfish%3AOther%20Groundfish%3APacific%20Cod%3APollock%3ARockfish%3ASablefish%5C",2026-09-30T04:45:15+00:00,a2042fb43fa052ed9ee60cddf4b83d4f4e69c948759a28bd9e87f5d2c956ccf3
BSAI,2006,1982557,metric tons,AKFIN GFSAFE001 Economic SAFE,Source report labels Economic SAFE data preliminary,"September 15, 2026","https://reports.psmfc.org/akfin/f?p=501:901:0:INITIAL:::P0_SHARE_DISPLAY,P0_SHARE_VIEW,P901_MIN_YEAR,P901_MAX_YEAR,P901_FMP_AREA,P901_SPECIES_GROUP:%5CR%5C,%5Creport%5C,%5C2003%5C,%5C2008%5C,%5CBering%20Sea%20and%20Aleutian%20Islands%5C,%5CAll%20Groundfish%3AAtka%20Mackerel%3AFlatfish%3AOther%20Groundfish%3APacific%20Cod%3APollock%3ARockfish%3ASablefish%5C",2026-09-30T04:45:15+00:00,a2042fb43fa052ed9ee60cddf4b83d4f4e69c948759a28bd9e87f5d2c956ccf3
BSAI,2007,1860419,metric tons,AKFIN GFSAFE001 Economic SAFE,Source report labels Economic SAFE data preliminary,"September 15, 2026","https://reports.psmfc.org/akfin/f?p=501:901:0:INITIAL:::P0_SHARE_DISPLAY,P0_SHARE_VIEW,P901_MIN_YEAR,P901_MAX_YEAR,P901_FMP_AREA,P901_SPECIES_GROUP:%5CR%5C,%5Creport%5C,%5C2003%5C,%5C2008%5C,%5CBering%20Sea%20and%20Aleutian%20Islands%5C,%5CAll%20Groundfish%3AAtka%20Mackerel%3AFlatfish%3AOther%20Groundfish%3APacific%20Cod%3APollock%3ARockfish%3ASablefish%5C",2026-09-30T04:45:15+00:00,a2042fb43fa052ed9ee60cddf4b83d4f4e69c948759a28bd9e87f5d2c956ccf3
BSAI,2008,1545687,metric tons,AKFIN GFSAFE001 Economic SAFE,Source report labels Economic SAFE data preliminary,"September 15, 2026","https://reports.psmfc.org/akfin/f?p=501:901:0:INITIAL:::P0_SHARE_DISPLAY,P0_SHARE_VIEW,P901_MIN_YEAR,P901_MAX_YEAR,P901_FMP_AREA,P901_SPECIES_GROUP:%5CR%5C,%5Creport%5C,%5C2003%5C,%5C2008%5C,%5CBering%20Sea%20and%20Aleutian%20Islands%5C,%5CAll%20Groundfish%3AAtka%20Mackerel%3AFlatfish%3AOther%20Groundfish%3APacific%20Cod%3APollock%3ARockfish%3ASablefish%5C",2026-09-30T04:45:15+00:00,a2042fb43fa052ed9ee60cddf4b83d4f4e69c948759a28bd9e87f5d2c956ccf3
BSAI,2009,1337116,metric tons,AKFIN GFSAFE001 Economic SAFE,Source report labels Economic SAFE data preliminary,"September 15, 2026","https://reports.psmfc.org/akfin/f?p=501:901:0:INITIAL:::P0_SHARE_DISPLAY,P0_SHARE_VIEW,P901_MIN_YEAR,P901_MAX_YEAR,P901_FMP_AREA,P901_SPECIES_GROUP:%5CR%5C,%5Creport%5C,%5C2009%5C,%5C2014%5C,%5CBering%20Sea%20and%20Aleutian%20Islands%5C,%5CAll%20Groundfish%3AAtka%20Mackerel%3AFlatfish%3AOther%20Groundfish%3APacific%20Cod%3APollock%3ARockfish%3ASablefish%5C",2026-09-30T04:45:15+00:00,2f2bc4eefae9cbd673ffac12d388aa6babd83091a3874737d98cff9f37a61b4e
BSAI,2010,1354486,metric tons,AKFIN GFSAFE001 Economic SAFE,Source report labels Economic SAFE data preliminary,"September 15, 2026","https://reports.psmfc.org/akfin/f?p=501:901:0:INITIAL:::P0_SHARE_DISPLAY,P0_SHARE_VIEW,P901_MIN_YEAR,P901_MAX_YEAR,P901_FMP_AREA,P901_SPECIES_GROUP:%5CR%5C,%5Creport%5C,%5C2009%5C,%5C2014%5C,%5CBering%20Sea%20and%20Aleutian%20Islands%5C,%5CAll%20Groundfish%3AAtka%20Mackerel%3AFlatfish%3AOther%20Groundfish%3APacific%20Cod%3APollock%3ARockfish%3ASablefish%5C",2026-09-30T04:45:15+00:00,2f2bc4eefae9cbd673ffac12d388aa6babd83091a3874737d98cff9f37a61b4e
BSAI,2011,1818902,metric tons,AKFIN GFSAFE001 Economic SAFE,Source report labels Economic SAFE data preliminary,"September 15, 2026","https://reports.psmfc.org/akfin/f?p=501:901:0:INITIAL:::P0_SHARE_DISPLAY,P0_SHARE_VIEW,P901_MIN_YEAR,P901_MAX_YEAR,P901_FMP_AREA,P901_SPECIES_GROUP:%5CR%5C,%5Creport%5C,%5C2009%5C,%5C2014%5C,%5CBering%20Sea%20and%20Aleutian%20Islands%5C,%5CAll%20Groundfish%3AAtka%20Mackerel%3AFlatfish%3AOther%20Groundfish%3APacific%20Cod%3APollock%3ARockfish%3ASablefish%5C",2026-09-30T04:45:15+00:00,2f2bc4eefae9cbd673ffac12d388aa6babd83091a3874737d98cff9f37a61b4e
BSAI,2012,1858060,metric tons,AKFIN GFSAFE001 Economic SAFE,Source report labels Economic SAFE data preliminary,"September 15, 2026","https://reports.psmfc.org/akfin/f?p=501:901:0:INITIAL:::P0_SHARE_DISPLAY,P0_SHARE_VIEW,P901_MIN_YEAR,P901_MAX_YEAR,P901_FMP_AREA,P901_SPECIES_GROUP:%5CR%5C,%5Creport%5C,%5C2009%5C,%5C2014%5C,%5CBering%20Sea%20and%20Aleutian%20Islands%5C,%5CAll%20Groundfish%3AAtka%20Mackerel%3AFlatfish%3AOther%20Groundfish%3APacific%20Cod%3APollock%3ARockfish%3ASablefish%5C",2026-09-30T04:45:15+00:00,2f2bc4eefae9cbd673ffac12d388aa6babd83091a3874737d98cff9f37a61b4e
BSAI,2013,1915142,metric tons,AKFIN GFSAFE001 Economic SAFE,Source report labels Economic SAFE data preliminary,"September 15, 2026","https://reports.psmfc.org/akfin/f?p=501:901:0:INITIAL:::P0_SHARE_DISPLAY,P0_SHARE_VIEW,P901_MIN_YEAR,P901_MAX_YEAR,P901_FMP_AREA,P901_SPECIES_GROUP:%5CR%5C,%5Creport%5C,%5C2009%5C,%5C2014%5C,%5CBering%20Sea%20and%20Aleutian%20Islands%5C,%5CAll%20Groundfish%3AAtka%20Mackerel%3AFlatfish%3AOther%20Groundfish%3APacific%20Cod%3APollock%3ARockfish%3ASablefish%5C",2026-09-30T04:45:15+00:00,2f2bc4eefae9cbd673ffac12d388aa6babd83091a3874737d98cff9f37a61b4e
BSAI,2014,1928984,metric tons,AKFIN GFSAFE001 Economic SAFE,Source report labels Economic SAFE data preliminary,"September 15, 2026","https://reports.psmfc.org/akfin/f?p=501:901:0:INITIAL:::P0_SHARE_DISPLAY,P0_SHARE_VIEW,P901_MIN_YEAR,P901_MAX_YEAR,P901_FMP_AREA,P901_SPECIES_GROUP:%5CR%5C,%5Creport%5C,%5C2009%5C,%5C2014%5C,%5CBering%20Sea%20and%20Aleutian%20Islands%5C,%5CAll%20Groundfish%3AAtka%20Mackerel%3AFlatfish%3AOther%20Groundfish%3APacific%20Cod%3APollock%3ARockfish%3ASablefish%5C",2026-09-30T04:45:15+00:00,2f2bc4eefae9cbd673ffac12d388aa6babd83091a3874737d98cff9f37a61b4e
BSAI,2015,1914729,metric tons,AKFIN GFSAFE001 Economic SAFE,Source report labels Economic SAFE data preliminary,"September 15, 2026","https://reports.psmfc.org/akfin/f?p=501:901:0:INITIAL:::P0_SHARE_DISPLAY,P0_SHARE_VIEW,P901_MIN_YEAR,P901_MAX_YEAR,P901_FMP_AREA,P901_SPECIES_GROUP:%5CR%5C,%5Creport%5C,%5C2015%5C,%5C2020%5C,%5CBering%20Sea%20and%20Aleutian%20Islands%5C,%5CAll%20Groundfish%3AAtka%20Mackerel%3AFlatfish%3AOther%20Groundfish%3APacific%20Cod%3APollock%3ARockfish%3ASablefish%5C",2026-09-30T04:45:15+00:00,4ab0098a47573864204c9e6aab4a70cdcb0b1a7929e863cc83c09e3903bf72c3
BSAI,2016,1969380,metric tons,AKFIN GFSAFE001 Economic SAFE,Source report labels Economic SAFE data preliminary,"September 15, 2026","https://reports.psmfc.org/akfin/f?p=501:901:0:INITIAL:::P0_SHARE_DISPLAY,P0_SHARE_VIEW,P901_MIN_YEAR,P901_MAX_YEAR,P901_FMP_AREA,P901_SPECIES_GROUP:%5CR%5C,%5Creport%5C,%5C2015%5C,%5C2020%5C,%5CBering%20Sea%20and%20Aleutian%20Islands%5C,%5CAll%20Groundfish%3AAtka%20Mackerel%3AFlatfish%3AOther%20Groundfish%3APacific%20Cod%3APollock%3ARockfish%3ASablefish%5C",2026-09-30T04:45:15+00:00,4ab0098a47573864204c9e6aab4a70cdcb0b1a7929e863cc83c09e3903bf72c3
BSAI,2017,1968943,metric tons,AKFIN GFSAFE001 Economic SAFE,Source report labels Economic SAFE data preliminary,"September 15, 2026","https://reports.psmfc.org/akfin/f?p=501:901:0:INITIAL:::P0_SHARE_DISPLAY,P0_SHARE_VIEW,P901_MIN_YEAR,P901_MAX_YEAR,P901_FMP_AREA,P901_SPECIES_GROUP:%5CR%5C,%5Creport%5C,%5C2015%5C,%5C2020%5C,%5CBering%20Sea%20and%20Aleutian%20Islands%5C,%5CAll%20Groundfish%3AAtka%20Mackerel%3AFlatfish%3AOther%20Groundfish%3APacific%20Cod%3APollock%3ARockfish%3ASablefish%5C",2026-09-30T04:45:15+00:00,4ab0098a47573864204c9e6aab4a70cdcb0b1a7929e863cc83c09e3903bf72c3
BSAI,2018,1966175,metric tons,AKFIN GFSAFE001 Economic SAFE,Source report labels Economic SAFE data preliminary,"September 15, 2026","https://reports.psmfc.org/akfin/f?p=501:901:0:INITIAL:::P0_SHARE_DISPLAY,P0_SHARE_VIEW,P901_MIN_YEAR,P901_MAX_YEAR,P901_FMP_AREA,P901_SPECIES_GROUP:%5CR%5C,%5Creport%5C,%5C2015%5C,%5C2020%5C,%5CBering%20Sea%20and%20Aleutian%20Islands%5C,%5CAll%20Groundfish%3AAtka%20Mackerel%3AFlatfish%3AOther%20Groundfish%3APacific%20Cod%3APollock%3ARockfish%3ASablefish%5C",2026-09-30T04:45:15+00:00,4ab0098a47573864204c9e6aab4a70cdcb0b1a7929e863cc83c09e3903bf72c3
BSAI,2019,1959523,metric tons,AKFIN GFSAFE001 Economic SAFE,Source report labels Economic SAFE data preliminary,"September 15, 2026","https://reports.psmfc.org/akfin/f?p=501:901:0:INITIAL:::P0_SHARE_DISPLAY,P0_SHARE_VIEW,P901_MIN_YEAR,P901_MAX_YEAR,P901_FMP_AREA,P901_SPECIES_GROUP:%5CR%5C,%5Creport%5C,%5C2015%5C,%5C2020%5C,%5CBering%20Sea%20and%20Aleutian%20Islands%5C,%5CAll%20Groundfish%3AAtka%20Mackerel%3AFlatfish%3AOther%20Groundfish%3APacific%20Cod%3APollock%3ARockfish%3ASablefish%5C",2026-09-30T04:45:15+00:00,4ab0098a47573864204c9e6aab4a70cdcb0b1a7929e863cc83c09e3903bf72c3
BSAI,2020,1895965,metric tons,AKFIN GFSAFE001 Economic SAFE,Source report labels Economic SAFE data preliminary,"September 15, 2026","https://reports.psmfc.org/akfin/f?p=501:901:0:INITIAL:::P0_SHARE_DISPLAY,P0_SHARE_VIEW,P901_MIN_YEAR,P901_MAX_YEAR,P901_FMP_AREA,P901_SPECIES_GROUP:%5CR%5C,%5Creport%5C,%5C2015%5C,%5C2020%5C,%5CBering%20Sea%20and%20Aleutian%20Islands%5C,%5CAll%20Groundfish%3AAtka%20Mackerel%3AFlatfish%3AOther%20Groundfish%3APacific%20Cod%3APollock%3ARockfish%3ASablefish%5C",2026-09-30T04:45:15+00:00,4ab0098a47573864204c9e6aab4a70cdcb0b1a7929e863cc83c09e3903bf72c3
BSAI,2021,1814311,metric tons,AKFIN GFSAFE001 Economic SAFE,Source report labels Economic SAFE data preliminary,"September 15, 2026","https://reports.psmfc.org/akfin/f?p=501:901:0:INITIAL:::P0_SHARE_DISPLAY,P0_SHARE_VIEW,P901_MIN_YEAR,P901_MAX_YEAR,P901_FMP_AREA,P901_SPECIES_GROUP:%5CR%5C,%5Creport%5C,%5C2021%5C,%5C2025%5C,%5CBering%20Sea%20and%20Aleutian%20Islands%5C,%5CAll%20Groundfish%3AAtka%20Mackerel%3AFlatfish%3AOther%20Groundfish%3APacific%20Cod%3APollock%3ARockfish%3ASablefish%5C",2026-09-30T04:45:15+00:00,fd4b6f9fec1af81101061957523a9bf7ce85b35730329c59de7c289b10a8f292
BSAI,2022,1628446,metric tons,AKFIN GFSAFE001 Economic SAFE,Source report labels Economic SAFE data preliminary,"September 15, 2026","https://reports.psmfc.org/akfin/f?p=501:901:0:INITIAL:::P0_SHARE_DISPLAY,P0_SHARE_VIEW,P901_MIN_YEAR,P901_MAX_YEAR,P901_FMP_AREA,P901_SPECIES_GROUP:%5CR%5C,%5Creport%5C,%5C2021%5C,%5C2025%5C,%5CBering%20Sea%20and%20Aleutian%20Islands%5C,%5CAll%20Groundfish%3AAtka%20Mackerel%3AFlatfish%3AOther%20Groundfish%3APacific%20Cod%3APollock%3ARockfish%3ASablefish%5C",2026-09-30T04:45:15+00:00,fd4b6f9fec1af81101061957523a9bf7ce85b35730329c59de7c289b10a8f292
BSAI,2023,1798977,metric tons,AKFIN GFSAFE001 Economic SAFE,Source report labels Economic SAFE data preliminary,"September 15, 2026","https://reports.psmfc.org/akfin/f?p=501:901:0:INITIAL:::P0_SHARE_DISPLAY,P0_SHARE_VIEW,P901_MIN_YEAR,P901_MAX_YEAR,P901_FMP_AREA,P901_SPECIES_GROUP:%5CR%5C,%5Creport%5C,%5C2021%5C,%5C2025%5C,%5CBering%20Sea%20and%20Aleutian%20Islands%5C,%5CAll%20Groundfish%3AAtka%20Mackerel%3AFlatfish%3AOther%20Groundfish%3APacific%20Cod%3APollock%3ARockfish%3ASablefish%5C",2026-09-30T04:45:15+00:00,fd4b6f9fec1af81101061957523a9bf7ce85b35730329c59de7c289b10a8f292
BSAI,2024,1781824,metric tons,AKFIN GFSAFE001 Economic SAFE,Source report labels Economic SAFE data preliminary,"September 15, 2026","https://reports.psmfc.org/akfin/f?p=501:901:0:INITIAL:::P0_SHARE_DISPLAY,P0_SHARE_VIEW,P901_MIN_YEAR,P901_MAX_YEAR,P901_FMP_AREA,P901_SPECIES_GROUP:%5CR%5C,%5Creport%5C,%5C2021%5C,%5C2025%5C,%5CBering%20Sea%20and%20Aleutian%20Islands%5C,%5CAll%20Groundfish%3AAtka%20Mackerel%3AFlatfish%3AOther%20Groundfish%3APacific%20Cod%3APollock%3ARockfish%3ASablefish%5C",2026-09-30T04:45:15+00:00,fd4b6f9fec1af81101061957523a9bf7ce85b35730329c59de7c289b10a8f292
BSAI,2025,1794251,metric tons,AKFIN GFSAFE001 Economic SAFE,Source report labels Economic SAFE data preliminary,"September 15, 2026","https://reports.psmfc.org/akfin/f?p=501:901:0:INITIAL:::P0_SHARE_DISPLAY,P0_SHARE_VIEW,P901_MIN_YEAR,P901_MAX_YEAR,P901_FMP_AREA,P901_SPECIES_GROUP:%5CR%5C,%5Creport%5C,%5C2021%5C,%5C2025%5C,%5CBering%20Sea%20and%20Aleutian%20Islands%5C,%5CAll%20Groundfish%3AAtka%20Mackerel%3AFlatfish%3AOther%20Groundfish%3APacific%20Cod%3APollock%3ARockfish%3ASablefish%5C",2026-09-30T04:45:15+00:00,fd4b6f9fec1af81101061957523a9bf7ce85b35730329c59de7c289b10a8f292
GOA,2003,191192,metric tons,AKFIN GFSAFE001 Economic SAFE,Source report labels Economic SAFE data preliminary,"September 15, 2026","https://reports.psmfc.org/akfin/f?p=501:901:0:INITIAL:::P0_SHARE_DISPLAY,P0_SHARE_VIEW,P901_MIN_YEAR,P901_MAX_YEAR,P901_FMP_AREA,P901_SPECIES_GROUP:%5CR%5C,%5Creport%5C,%5C2003%5C,%5C2008%5C,%5CGulf%20of%20Alaska%5C,%5CAll%20Groundfish%3AAtka%20Mackerel%3AFlatfish%3AOther%20Groundfish%3APacific%20Cod%3APollock%3ARockfish%3ASablefish%5C",2026-09-30T04:45:15+00:00,a5e59c11d46af4119c260821ae097709d39b0c8c613f1608a330d7700148aa9e
GOA,2004,188508,metric tons,AKFIN GFSAFE001 Economic SAFE,Source report labels Economic SAFE data preliminary,"September 15, 2026","https://reports.psmfc.org/akfin/f?p=501:901:0:INITIAL:::P0_SHARE_DISPLAY,P0_SHARE_VIEW,P901_MIN_YEAR,P901_MAX_YEAR,P901_FMP_AREA,P901_SPECIES_GROUP:%5CR%5C,%5Creport%5C,%5C2003%5C,%5C2008%5C,%5CGulf%20of%20Alaska%5C,%5CAll%20Groundfish%3AAtka%20Mackerel%3AFlatfish%3AOther%20Groundfish%3APacific%20Cod%3APollock%3ARockfish%3ASablefish%5C",2026-09-30T04:45:15+00:00,a5e59c11d46af4119c260821ae097709d39b0c8c613f1608a330d7700148aa9e
GOA,2005,200259,metric tons,AKFIN GFSAFE001 Economic SAFE,Source report labels Economic SAFE data preliminary,"September 15, 2026","https://reports.psmfc.org/akfin/f?p=501:901:0:INITIAL:::P0_SHARE_DISPLAY,P0_SHARE_VIEW,P901_MIN_YEAR,P901_MAX_YEAR,P901_FMP_AREA,P901_SPECIES_GROUP:%5CR%5C,%5Creport%5C,%5C2003%5C,%5C2008%5C,%5CGulf%20of%20Alaska%5C,%5CAll%20Groundfish%3AAtka%20Mackerel%3AFlatfish%3AOther%20Groundfish%3APacific%20Cod%3APollock%3ARockfish%3ASablefish%5C",2026-09-30T04:45:15+00:00,a5e59c11d46af4119c260821ae097709d39b0c8c613f1608a330d7700148aa9e
GOA,2006,210339,metric tons,AKFIN GFSAFE001 Economic SAFE,Source report labels Economic SAFE data preliminary,"September 15, 2026","https://reports.psmfc.org/akfin/f?p=501:901:0:INITIAL:::P0_SHARE_DISPLAY,P0_SHARE_VIEW,P901_MIN_YEAR,P901_MAX_YEAR,P901_FMP_AREA,P901_SPECIES_GROUP:%5CR%5C,%5Creport%5C,%5C2003%5C,%5C2008%5C,%5CGulf%20of%20Alaska%5C,%5CAll%20Groundfish%3AAtka%20Mackerel%3AFlatfish%3AOther%20Groundfish%3APacific%20Cod%3APollock%3ARockfish%3ASablefish%5C",2026-09-30T04:45:15+00:00,a5e59c11d46af4119c260821ae097709d39b0c8c613f1608a330d7700148aa9e
GOA,2007,192395,metric tons,AKFIN GFSAFE001 Economic SAFE,Source report labels Economic SAFE data preliminary,"September 15, 2026","https://reports.psmfc.org/akfin/f?p=501:901:0:INITIAL:::P0_SHARE_DISPLAY,P0_SHARE_VIEW,P901_MIN_YEAR,P901_MAX_YEAR,P901_FMP_AREA,P901_SPECIES_GROUP:%5CR%5C,%5Creport%5C,%5C2003%5C,%5C2008%5C,%5CGulf%20of%20Alaska%5C,%5CAll%20Groundfish%3AAtka%20Mackerel%3AFlatfish%3AOther%20Groundfish%3APacific%20Cod%3APollock%3ARockfish%3ASablefish%5C",2026-09-30T04:45:15+00:00,a5e59c11d46af4119c260821ae097709d39b0c8c613f1608a330d7700148aa9e
GOA,2008,202605,metric tons,AKFIN GFSAFE001 Economic SAFE,Source report labels Economic SAFE data preliminary,"September 15, 2026","https://reports.psmfc.org/akfin/f?p=501:901:0:INITIAL:::P0_SHARE_DISPLAY,P0_SHARE_VIEW,P901_MIN_YEAR,P901_MAX_YEAR,P901_FMP_AREA,P901_SPECIES_GROUP:%5CR%5C,%5Creport%5C,%5C2003%5C,%5C2008%5C,%5CGulf%20of%20Alaska%5C,%5CAll%20Groundfish%3AAtka%20Mackerel%3AFlatfish%3AOther%20Groundfish%3APacific%20Cod%3APollock%3ARockfish%3ASablefish%5C",2026-09-30T04:45:15+00:00,a5e59c11d46af4119c260821ae097709d39b0c8c613f1608a330d7700148aa9e
GOA,2009,185582,metric tons,AKFIN GFSAFE001 Economic SAFE,Source report labels Economic SAFE data preliminary,"September 15, 2026","https://reports.psmfc.org/akfin/f?p=501:901:0:INITIAL:::P0_SHARE_DISPLAY,P0_SHARE_VIEW,P901_MIN_YEAR,P901_MAX_YEAR,P901_FMP_AREA,P901_SPECIES_GROUP:%5CR%5C,%5Creport%5C,%5C2009%5C,%5C2014%5C,%5CGulf%20of%20Alaska%5C,%5CAll%20Groundfish%3AAtka%20Mackerel%3AFlatfish%3AOther%20Groundfish%3APacific%20Cod%3APollock%3ARockfish%3ASablefish%5C",2026-09-30T04:45:15+00:00,a4f2c1b9a683bdce779e3681d211571d9d0445f42a37e5cdb1b513d504aac1e5
GOA,2010,239948,metric tons,AKFIN GFSAFE001 Economic SAFE,Source report labels Economic SAFE data preliminary,"September 15, 2026","https://reports.psmfc.org/akfin/f?p=501:901:0:INITIAL:::P0_SHARE_DISPLAY,P0_SHARE_VIEW,P901_MIN_YEAR,P901_MAX_YEAR,P901_FMP_AREA,P901_SPECIES_GROUP:%5CR%5C,%5Creport%5C,%5C2009%5C,%5C2014%5C,%5CGulf%20of%20Alaska%5C,%5CAll%20Groundfish%3AAtka%20Mackerel%3AFlatfish%3AOther%20Groundfish%3APacific%20Cod%3APollock%3ARockfish%3ASablefish%5C",2026-09-30T04:45:15+00:00,a4f2c1b9a683bdce779e3681d211571d9d0445f42a37e5cdb1b513d504aac1e5
GOA,2011,252389,metric tons,AKFIN GFSAFE001 Economic SAFE,Source report labels Economic SAFE data preliminary,"September 15, 2026","https://reports.psmfc.org/akfin/f?p=501:901:0:INITIAL:::P0_SHARE_DISPLAY,P0_SHARE_VIEW,P901_MIN_YEAR,P901_MAX_YEAR,P901_FMP_AREA,P901_SPECIES_GROUP:%5CR%5C,%5Creport%5C,%5C2009%5C,%5C2014%5C,%5CGulf%20of%20Alaska%5C,%5CAll%20Groundfish%3AAtka%20Mackerel%3AFlatfish%3AOther%20Groundfish%3APacific%20Cod%3APollock%3ARockfish%3ASablefish%5C",2026-09-30T04:45:15+00:00,a4f2c1b9a683bdce779e3681d211571d9d0445f42a37e5cdb1b513d504aac1e5
GOA,2012,259330,metric tons,AKFIN GFSAFE001 Economic SAFE,Source report labels Economic SAFE data preliminary,"September 15, 2026","https://reports.psmfc.org/akfin/f?p=501:901:0:INITIAL:::P0_SHARE_DISPLAY,P0_SHARE_VIEW,P901_MIN_YEAR,P901_MAX_YEAR,P901_FMP_AREA,P901_SPECIES_GROUP:%5CR%5C,%5Creport%5C,%5C2009%5C,%5C2014%5C,%5CGulf%20of%20Alaska%5C,%5CAll%20Groundfish%3AAtka%20Mackerel%3AFlatfish%3AOther%20Groundfish%3APacific%20Cod%3APollock%3ARockfish%3ASablefish%5C",2026-09-30T04:45:15+00:00,a4f2c1b9a683bdce779e3681d211571d9d0445f42a37e5cdb1b513d504aac1e5
GOA,2013,250640,metric tons,AKFIN GFSAFE001 Economic SAFE,Source report labels Economic SAFE data preliminary,"September 15, 2026","https://reports.psmfc.org/akfin/f?p=501:901:0:INITIAL:::P0_SHARE_DISPLAY,P0_SHARE_VIEW,P901_MIN_YEAR,P901_MAX_YEAR,P901_FMP_AREA,P901_SPECIES_GROUP:%5CR%5C,%5Creport%5C,%5C2009%5C,%5C2014%5C,%5CGulf%20of%20Alaska%5C,%5CAll%20Groundfish%3AAtka%20Mackerel%3AFlatfish%3AOther%20Groundfish%3APacific%20Cod%3APollock%3ARockfish%3ASablefish%5C",2026-09-30T04:45:15+00:00,a4f2c1b9a683bdce779e3681d211571d9d0445f42a37e5cdb1b513d504aac1e5
GOA,2014,326826,metric tons,AKFIN GFSAFE001 Economic SAFE,Source report labels Economic SAFE data preliminary,"September 15, 2026","https://reports.psmfc.org/akfin/f?p=501:901:0:INITIAL:::P0_SHARE_DISPLAY,P0_SHARE_VIEW,P901_MIN_YEAR,P901_MAX_YEAR,P901_FMP_AREA,P901_SPECIES_GROUP:%5CR%5C,%5Creport%5C,%5C2009%5C,%5C2014%5C,%5CGulf%20of%20Alaska%5C,%5CAll%20Groundfish%3AAtka%20Mackerel%3AFlatfish%3AOther%20Groundfish%3APacific%20Cod%3APollock%3ARockfish%3ASablefish%5C",2026-09-30T04:45:15+00:00,a4f2c1b9a683bdce779e3681d211571d9d0445f42a37e5cdb1b513d504aac1e5
GOA,2015,324898,metric tons,AKFIN GFSAFE001 Economic SAFE,Source report labels Economic SAFE data preliminary,"September 15, 2026","https://reports.psmfc.org/akfin/f?p=501:901:0:INITIAL:::P0_SHARE_DISPLAY,P0_SHARE_VIEW,P901_MIN_YEAR,P901_MAX_YEAR,P901_FMP_AREA,P901_SPECIES_GROUP:%5CR%5C,%5Creport%5C,%5C2015%5C,%5C2020%5C,%5CGulf%20of%20Alaska%5C,%5CAll%20Groundfish%3AAtka%20Mackerel%3AFlatfish%3AOther%20Groundfish%3APacific%20Cod%3APollock%3ARockfish%3ASablefish%5C",2026-09-30T04:45:15+00:00,e6244e24fa1a4537f578c6b0bfff7e9ce9c668a56fabf11af7acd11f19f2113b
GOA,2016,324437,metric tons,AKFIN GFSAFE001 Economic SAFE,Source report labels Economic SAFE data preliminary,"September 15, 2026","https://reports.psmfc.org/akfin/f?p=501:901:0:INITIAL:::P0_SHARE_DISPLAY,P0_SHARE_VIEW,P901_MIN_YEAR,P901_MAX_YEAR,P901_FMP_AREA,P901_SPECIES_GROUP:%5CR%5C,%5Creport%5C,%5C2015%5C,%5C2020%5C,%5CGulf%20of%20Alaska%5C,%5CAll%20Groundfish%3AAtka%20Mackerel%3AFlatfish%3AOther%20Groundfish%3APacific%20Cod%3APollock%3ARockfish%3ASablefish%5C",2026-09-30T04:45:15+00:00,e6244e24fa1a4537f578c6b0bfff7e9ce9c668a56fabf11af7acd11f19f2113b
GOA,2017,321514,metric tons,AKFIN GFSAFE001 Economic SAFE,Source report labels Economic SAFE data preliminary,"September 15, 2026","https://reports.psmfc.org/akfin/f?p=501:901:0:INITIAL:::P0_SHARE_DISPLAY,P0_SHARE_VIEW,P901_MIN_YEAR,P901_MAX_YEAR,P901_FMP_AREA,P901_SPECIES_GROUP:%5CR%5C,%5Creport%5C,%5C2015%5C,%5C2020%5C,%5CGulf%20of%20Alaska%5C,%5CAll%20Groundfish%3AAtka%20Mackerel%3AFlatfish%3AOther%20Groundfish%3APacific%20Cod%3APollock%3ARockfish%3ASablefish%5C",2026-09-30T04:45:15+00:00,e6244e24fa1a4537f578c6b0bfff7e9ce9c668a56fabf11af7acd11f19f2113b
GOA,2018,255734,metric tons,AKFIN GFSAFE001 Economic SAFE,Source report labels Economic SAFE data preliminary,"September 15, 2026","https://reports.psmfc.org/akfin/f?p=501:901:0:INITIAL:::P0_SHARE_DISPLAY,P0_SHARE_VIEW,P901_MIN_YEAR,P901_MAX_YEAR,P901_FMP_AREA,P901_SPECIES_GROUP:%5CR%5C,%5Creport%5C,%5C2015%5C,%5C2020%5C,%5CGulf%20of%20Alaska%5C,%5CAll%20Groundfish%3AAtka%20Mackerel%3AFlatfish%3AOther%20Groundfish%3APacific%20Cod%3APollock%3ARockfish%3ASablefish%5C",2026-09-30T04:45:15+00:00,e6244e24fa1a4537f578c6b0bfff7e9ce9c668a56fabf11af7acd11f19f2113b
GOA,2019,224173,metric tons,AKFIN GFSAFE001 Economic SAFE,Source report labels Economic SAFE data preliminary,"September 15, 2026","https://reports.psmfc.org/akfin/f?p=501:901:0:INITIAL:::P0_SHARE_DISPLAY,P0_SHARE_VIEW,P901_MIN_YEAR,P901_MAX_YEAR,P901_FMP_AREA,P901_SPECIES_GROUP:%5CR%5C,%5Creport%5C,%5C2015%5C,%5C2020%5C,%5CGulf%20of%20Alaska%5C,%5CAll%20Groundfish%3AAtka%20Mackerel%3AFlatfish%3AOther%20Groundfish%3APacific%20Cod%3APollock%3ARockfish%3ASablefish%5C",2026-09-30T04:45:15+00:00,e6244e24fa1a4537f578c6b0bfff7e9ce9c668a56fabf11af7acd11f19f2113b
GOA,2020,194414,metric tons,AKFIN GFSAFE001 Economic SAFE,Source report labels Economic SAFE data preliminary,"September 15, 2026","https://reports.psmfc.org/akfin/f?p=501:901:0:INITIAL:::P0_SHARE_DISPLAY,P0_SHARE_VIEW,P901_MIN_YEAR,P901_MAX_YEAR,P901_FMP_AREA,P901_SPECIES_GROUP:%5CR%5C,%5Creport%5C,%5C2015%5C,%5C2020%5C,%5CGulf%20of%20Alaska%5C,%5CAll%20Groundfish%3AAtka%20Mackerel%3AFlatfish%3AOther%20Groundfish%3APacific%20Cod%3APollock%3ARockfish%3ASablefish%5C",2026-09-30T04:45:15+00:00,e6244e24fa1a4537f578c6b0bfff7e9ce9c668a56fabf11af7acd11f19f2113b
GOA,2021,192781,metric tons,AKFIN GFSAFE001 Economic SAFE,Source report labels Economic SAFE data preliminary,"September 15, 2026","https://reports.psmfc.org/akfin/f?p=501:901:0:INITIAL:::P0_SHARE_DISPLAY,P0_SHARE_VIEW,P901_MIN_YEAR,P901_MAX_YEAR,P901_FMP_AREA,P901_SPECIES_GROUP:%5CR%5C,%5Creport%5C,%5C2021%5C,%5C2025%5C,%5CGulf%20of%20Alaska%5C,%5CAll%20Groundfish%3AAtka%20Mackerel%3AFlatfish%3AOther%20Groundfish%3APacific%20Cod%3APollock%3ARockfish%3ASablefish%5C",2026-09-30T04:45:16+00:00,17f9217dc6d683deeac46cbc3627a69cf1b53cd6998ddd0da6a6345a5c0c29cf
GOA,2022,237540,metric tons,AKFIN GFSAFE001 Economic SAFE,Source report labels Economic SAFE data preliminary,"September 15, 2026","https://reports.psmfc.org/akfin/f?p=501:901:0:INITIAL:::P0_SHARE_DISPLAY,P0_SHARE_VIEW,P901_MIN_YEAR,P901_MAX_YEAR,P901_FMP_AREA,P901_SPECIES_GROUP:%5CR%5C,%5Creport%5C,%5C2021%5C,%5C2025%5C,%5CGulf%20of%20Alaska%5C,%5CAll%20Groundfish%3AAtka%20Mackerel%3AFlatfish%3AOther%20Groundfish%3APacific%20Cod%3APollock%3ARockfish%3ASablefish%5C",2026-09-30T04:45:16+00:00,17f9217dc6d683deeac46cbc3627a69cf1b53cd6998ddd0da6a6345a5c0c29cf
GOA,2023,229342,metric tons,AKFIN GFSAFE001 Economic SAFE,Source report labels Economic SAFE data preliminary,"September 15, 2026","https://reports.psmfc.org/akfin/f?p=501:901:0:INITIAL:::P0_SHARE_DISPLAY,P0_SHARE_VIEW,P901_MIN_YEAR,P901_MAX_YEAR,P901_FMP_AREA,P901_SPECIES_GROUP:%5CR%5C,%5Creport%5C,%5C2021%5C,%5C2025%5C,%5CGulf%20of%20Alaska%5C,%5CAll%20Groundfish%3AAtka%20Mackerel%3AFlatfish%3AOther%20Groundfish%3APacific%20Cod%3APollock%3ARockfish%3ASablefish%5C",2026-09-30T04:45:16+00:00,17f9217dc6d683deeac46cbc3627a69cf1b53cd6998ddd0da6a6345a5c0c29cf
GOA,2024,233337,metric tons,AKFIN GFSAFE001 Economic SAFE,Source report labels Economic SAFE data preliminary,"September 15, 2026","https://reports.psmfc.org/akfin/f?p=501:901:0:INITIAL:::P0_SHARE_DISPLAY,P0_SHARE_VIEW,P901_MIN_YEAR,P901_MAX_YEAR,P901_FMP_AREA,P901_SPECIES_GROUP:%5CR%5C,%5Creport%5C,%5C2021%5C,%5C2025%5C,%5CGulf%20of%20Alaska%5C,%5CAll%20Groundfish%3AAtka%20Mackerel%3AFlatfish%3AOther%20Groundfish%3APacific%20Cod%3APollock%3ARockfish%3ASablefish%5C",2026-09-30T04:45:16+00:00,17f9217dc6d683deeac46cbc3627a69cf1b53cd6998ddd0da6a6345a5c0c29cf
GOA,2025,245152,metric tons,AKFIN GFSAFE001 Economic SAFE,Source report labels Economic SAFE data preliminary,"September 15, 2026","https://reports.psmfc.org/akfin/f?p=501:901:0:INITIAL:::P0_SHARE_DISPLAY,P0_SHARE_VIEW,P901_MIN_YEAR,P901_MAX_YEAR,P901_FMP_AREA,P901_SPECIES_GROUP:%5CR%5C,%5Creport%5C,%5C2021%5C,%5C2025%5C,%5CGulf%20of%20Alaska%5C,%5CAll%20Groundfish%3AAtka%20Mackerel%3AFlatfish%3AOther%20Groundfish%3APacific%20Cod%3APollock%3ARockfish%3ASablefish%5C",2026-09-30T04:45:16+00:00,17f9217dc6d683deeac46cbc3627a69cf1b53cd6998ddd0da6a6345a5c0c29cf
