Year,Catch_t,Through,Includes_CDQ,Report_run,SourceURL,Retrieved_utc,Source_sha256
2013,1910348,31-Dec-2013,True,"July 25, 2022 7:21 PM",https://www.fisheries.noaa.gov/sites/default/files/akro/car110_bsai_with_cdq2013.html,2026-09-24T20:34:50+00:00,dceb177016c8783e1a1d245c02c581c3c6cc746fbb96e14f70e62ce2bf72f870
2014,1916518,31-Dec-2014,True,"May 18, 2022 9:47 AM",https://www.fisheries.noaa.gov/sites/default/files/akro/car110_bsai_with_cdq2014.html,2026-09-24T20:34:51+00:00,497b8f1da9bf4e540ae879d7cc97617dd4e8c469d8daffa8bf9821a258a9189d
2015,1906559,31-Dec-2015,True,"May 18, 2022 9:04 AM",https://www.fisheries.noaa.gov/sites/default/files/akro/car110_bsai_with_cdq2015.html,2026-09-24T20:34:52+00:00,88d2933f05180a9559dd1d6abaec76d8740415f2803814fbfd9df1aa6ccc3b3d
2016,1952403,31-Dec-2016,True,"May 17, 2022 3:48 PM",https://www.fisheries.noaa.gov/sites/default/files/akro/car110_bsai_with_cdq2016.html,2026-09-24T20:34:53+00:00,70041fe8108e48502c7b334490a2e96b4bac072cab2d38c482c6cb0660b0365b
2017,1950953,31-Dec-2017,True,"May 17, 2022 3:12 PM",https://www.fisheries.noaa.gov/sites/default/files/akro/car110_bsai_with_cdq2017.html,2026-09-24T20:34:54+00:00,5c48cbc7d35a00343eb33fe7fcb9b0038860a56351ada704ed7e3d3dd4f1204e
2018,1947301,31-Dec-2018,True,"July 25, 2022 4:04 PM",https://www.fisheries.noaa.gov/sites/default/files/akro/car110_bsai_with_cdq2018.html,2026-09-24T20:34:55+00:00,923a2f3fcfbb39998dfd0389e389bb2f8341c0aa0824a022d1b4205e8373a65f
2019,1938631,31-Dec-2019,True,"May 17, 2022 1:58 PM",https://www.fisheries.noaa.gov/sites/default/files/akro/car110_bsai_with_cdq2019.html,2026-09-24T20:34:55+00:00,98aea50f5c8a4d3bf5fe96cbf60c75e6be8a23e0c309232f57069a8648424a7a
2020,1875089,31-Dec-2020,True,"May 17, 2022 1:30 PM",https://www.fisheries.noaa.gov/sites/default/files/akro/car110_bsai_with_cdq2020.html,2026-09-24T20:34:56+00:00,cf84c6ebf4003ab109eb5fe83586b25f06bd79eed61cc8dfd119ca1900b4b829
2021,1795322,31-Dec-2021,True,"May 13, 2022 2:36 PM",https://www.fisheries.noaa.gov/sites/default/files/akro/car110_bsai_with_cdq2021.html,2026-09-24T20:34:56+00:00,865c717d1d4eef6dc94f248563e44a129222dec931dc70be4c27189c3c11b0a8
2022,1606802,31-Dec-2022,True,"Jan 9, 2023, 3:14:37 PM",https://www.fisheries.noaa.gov/sites/default/files/akro/car110_bsai_with_cdq2022.html,2026-09-24T20:34:56+00:00,5fda3d7f4c04272f7e0d0608104efe079120d5cb03370fe5e495a31d07616d57
2023,1776452,31-Dec-2023,True,"Mar 4, 2024, 7:41:26 AM",https://www.fisheries.noaa.gov/sites/default/files/akro/car110_bsai_with_cdq2023.html,2026-09-24T20:34:57+00:00,c035de81756ab4abbaea07c2730beb8b40120ec17246458e432606cd2242515c
2024,1762675,31-Dec-2024,True,"Jan 24, 2025, 3:11:39 PM",https://www.fisheries.noaa.gov/sites/default/files/akro/car110_bsai_with_cdq2024.html,2026-09-24T20:34:57+00:00,9fb6750a4b14114a7ece6cd4793d3bc8d9fd9ed8e3f3379a13030ea87ed90ae1
2025,1774231,31-Dec-2025,True,"Jan 29, 2026, 1:44:39 PM",https://www.fisheries.noaa.gov/sites/default/files/akro/car110_bsai_with_cdq2025.html,2026-09-24T20:34:58+00:00,48213466b39706a8d351e8dcf4be1dd8e936574b2b7f7435160867312d287a2e
