Region,Year,Catch_t,Through,Includes_CDQ,Sablefish_fixed_gear_included,Squid_account_present,Sculpin_account_present,Report_run,Archive_file,SourceURL,Retrieved_utc,Source_sha256
GOA,2013,229047,31-Dec-2013,Not applicable,True,True,True,"July 25, 2022 7:21 PM",car110_goa2013.html.txt,https://www.fisheries.noaa.gov/sites/default/files/akro/car110_goa2013.html,2026-09-30T04:45:24+00:00,3548ac119126a15d2cfa2cdb1123c4894de5ffdc7fa7c96eed33be0419e14c00
GOA,2014,300312,31-Dec-2014,Not applicable,True,True,True,"May 18, 2022 9:47 AM",car110_goa2014.html.txt,https://www.fisheries.noaa.gov/sites/default/files/akro/car110_goa2014.html,2026-09-30T04:45:24+00:00,30e5e8784a51dea8b2ade87f048a304e5f1027683403473b5632600368c70250
GOA,2015,295534,31-Dec-2015,Not applicable,True,True,True,"May 18, 2022 9:04 AM",car110_goa2015.html.txt,https://www.fisheries.noaa.gov/sites/default/files/akro/car110_goa2015.html,2026-09-30T04:45:24+00:00,a26a5d9a44afe1a95f9f3bbc3da93bdea8a2827411ccd24ba078e82c9d573cb6
GOA,2016,297747,31-Dec-2016,Not applicable,True,True,True,"May 17, 2022 3:48 PM",car110_goa2016.html.txt,https://www.fisheries.noaa.gov/sites/default/files/akro/car110_goa2016.html,2026-09-30T04:45:24+00:00,e094509fc2bc407489b729df382e5b908b7cf10d8eb8f2530e1d738b6b61f71b
GOA,2017,304659,31-Dec-2017,Not applicable,True,True,True,"May 17, 2022 3:12 PM",car110_goa2017.html.txt,https://www.fisheries.noaa.gov/sites/default/files/akro/car110_goa2017.html,2026-09-30T04:45:24+00:00,279023d38aa4fe2f8d93265b0a4624744cac20e6ca1de3436843f54ce0bd0eab
GOA,2018,246647,31-Dec-2018,Not applicable,True,True,True,"July 25, 2022 4:04 PM",car110_goa2018.html.txt,https://www.fisheries.noaa.gov/sites/default/files/akro/car110_goa2018.html,2026-09-30T04:45:24+00:00,c4f6a9da671681261553fc1fbc08fcffb5cfdbcc956e6b3ef19628c78db3d723
GOA,2019,214777,31-Dec-2019,Not applicable,True,False,True,"May 17, 2022 1:58 PM",car110_goa2019.html.txt,https://www.fisheries.noaa.gov/sites/default/files/akro/car110_goa2019.html,2026-09-30T04:45:24+00:00,7fc9ccfc54a3c3b5366e89dc5ad4535909f4a5452d29d9d67c5086ebdb281ac8
GOA,2020,187433,31-Dec-2020,Not applicable,True,False,True,"May 17, 2022 1:30 PM",car110_goa2020.html.txt,https://www.fisheries.noaa.gov/sites/default/files/akro/car110_goa2020.html,2026-09-30T04:45:24+00:00,4094772e4b49af677e8140f926dca9ec807f6c8d25a90741be68152ea903f5ed
GOA,2021,182950,31-Dec-2021,Not applicable,True,False,False,"May 13, 2022 2:37 PM",car110_goa2021.html.txt,https://www.fisheries.noaa.gov/sites/default/files/akro/car110_goa2021.html,2026-09-30T04:45:24+00:00,3a352244dc51f468837a1f9a045dc65bb0673f117393a71517f5f914b379950c
GOA,2022,225166,31-Dec-2022,Not applicable,True,False,False,"Jan 9, 2023, 3:14:41 PM",car110_goa2022.html.txt,https://www.fisheries.noaa.gov/sites/default/files/akro/car110_goa2022.html,2026-09-30T04:45:24+00:00,5ec8776f9e22cb6db7b2da6e8bedc380e2355300a5494120ac39be9eeb77068b
GOA,2023,218449,31-Dec-2023,Not applicable,True,False,False,"Mar 4, 2024, 7:41:37 AM",car110_goa2023.html.txt,https://www.fisheries.noaa.gov/sites/default/files/akro/car110_goa2023.html,2026-09-30T04:45:25+00:00,6b0424fed906e30d75054a690f90c998f660cdc76d274e5a3f3ef5a0f5f9d5bb
GOA,2024,220050,31-Dec-2024,Not applicable,True,False,False,"Jan 24, 2025, 3:11:50 PM",car110_goa2024.html.txt,https://www.fisheries.noaa.gov/sites/default/files/akro/car110_goa2024.html,2026-09-30T04:45:25+00:00,a5b2831ca3add76654214f40d86c4f91a9e944db42861226c7ca88f0ec98eee5
GOA,2025,231545,31-Dec-2025,Not applicable,True,False,False,"Jan 29, 2026, 1:44:52 PM",car110_goa2025.html.txt,https://www.fisheries.noaa.gov/sites/default/files/akro/car110_goa2025.html,2026-09-30T04:45:25+00:00,db7717c9873e2e32b03e803af1f8037a9a56007507214e043b4a85a615eba1f5
