Region,Year,OFL_t,ABC_t,TAC_t,n_source_rows,n_species_labels,n_duplicate_label_keys,ABC_n_numeric,OFL_n_numeric,TAC_n_numeric,ABC_n_missing,OFL_n_missing,TAC_n_missing,ABC_n_zero,OFL_n_zero,TAC_n_zero,ABC_status,OFL_status,TAC_status,units,source_revision,source_status,selection,source_file,source_url,source_sha256
GOA,1986,,,421773,10,9,1,0,0,10,10,10,0,0,0,0,unavailable,unavailable,all_selected_entries_numeric,metric tons,84f019ebd44658503702944d65d3a52a9f76c889,Public ABC_TAC compilation; source categories retained,OY = 1; lag = 1; Area = Total,GOA_OFL_ABC_TAC_specs.csv,https://github.com/jimianelli/ABC_TAC/blob/84f019ebd44658503702944d65d3a52a9f76c889/data/GOA_OFL_ABC_TAC_specs.csv,b1d92e9b89f40aa444f514494ad8a5d8f4453a9bdadfda9efab278ff53161c42
GOA,1987,,,220552,11,10,1,0,0,11,11,11,0,0,0,0,unavailable,unavailable,all_selected_entries_numeric,metric tons,84f019ebd44658503702944d65d3a52a9f76c889,Public ABC_TAC compilation; source categories retained,OY = 1; lag = 1; Area = Total,GOA_OFL_ABC_TAC_specs.csv,https://github.com/jimianelli/ABC_TAC/blob/84f019ebd44658503702944d65d3a52a9f76c889/data/GOA_OFL_ABC_TAC_specs.csv,b1d92e9b89f40aa444f514494ad8a5d8f4453a9bdadfda9efab278ff53161c42
GOA,1988,,1018550,260936,9,9,0,7,0,9,2,9,0,0,0,0,sum_of_available_entries,unavailable,all_selected_entries_numeric,metric tons,84f019ebd44658503702944d65d3a52a9f76c889,Public ABC_TAC compilation; source categories retained,OY = 1; lag = 1; Area = Total,GOA_OFL_ABC_TAC_specs.csv,https://github.com/jimianelli/ABC_TAC/blob/84f019ebd44658503702944d65d3a52a9f76c889/data/GOA_OFL_ABC_TAC_specs.csv,b1d92e9b89f40aa444f514494ad8a5d8f4453a9bdadfda9efab278ff53161c42
GOA,1989,,750600,231966,9,9,0,7,0,9,2,9,0,0,0,0,sum_of_available_entries,unavailable,all_selected_entries_numeric,metric tons,84f019ebd44658503702944d65d3a52a9f76c889,Public ABC_TAC compilation; source categories retained,OY = 1; lag = 1; Area = Total,GOA_OFL_ABC_TAC_specs.csv,https://github.com/jimianelli/ABC_TAC/blob/84f019ebd44658503702944d65d3a52a9f76c889/data/GOA_OFL_ABC_TAC_specs.csv,b1d92e9b89f40aa444f514494ad8a5d8f4453a9bdadfda9efab278ff53161c42
GOA,1990,,606800,297749,11,11,0,9,0,11,2,11,0,0,0,0,sum_of_available_entries,unavailable,all_selected_entries_numeric,metric tons,84f019ebd44658503702944d65d3a52a9f76c889,Public ABC_TAC compilation; source categories retained,OY = 1; lag = 1; Area = Total,GOA_OFL_ABC_TAC_specs.csv,https://github.com/jimianelli/ABC_TAC/blob/84f019ebd44658503702944d65d3a52a9f76c889/data/GOA_OFL_ABC_TAC_specs.csv,b1d92e9b89f40aa444f514494ad8a5d8f4453a9bdadfda9efab278ff53161c42
GOA,1991,,743643,301089,14,14,0,13,0,14,1,14,0,0,0,0,sum_of_available_entries,unavailable,all_selected_entries_numeric,metric tons,84f019ebd44658503702944d65d3a52a9f76c889,Public ABC_TAC compilation; source categories retained,OY = 1; lag = 1; Area = Total,GOA_OFL_ABC_TAC_specs.csv,https://github.com/jimianelli/ABC_TAC/blob/84f019ebd44658503702944d65d3a52a9f76c889/data/GOA_OFL_ABC_TAC_specs.csv,b1d92e9b89f40aa444f514494ad8a5d8f4453a9bdadfda9efab278ff53161c42
GOA,1992,1000072,656604,282066,14,14,0,13,13,14,1,1,0,0,0,0,sum_of_available_entries,sum_of_available_entries,all_selected_entries_numeric,metric tons,84f019ebd44658503702944d65d3a52a9f76c889,Public ABC_TAC compilation; source categories retained,OY = 1; lag = 1; Area = Total,GOA_OFL_ABC_TAC_specs.csv,https://github.com/jimianelli/ABC_TAC/blob/84f019ebd44658503702944d65d3a52a9f76c889/data/GOA_OFL_ABC_TAC_specs.csv,b1d92e9b89f40aa444f514494ad8a5d8f4453a9bdadfda9efab278ff53161c42
GOA,1993,1088679,732868,306651,15,15,0,14,14,15,1,1,0,0,0,0,sum_of_available_entries,sum_of_available_entries,all_selected_entries_numeric,metric tons,84f019ebd44658503702944d65d3a52a9f76c889,Public ABC_TAC compilation; source categories retained,OY = 1; lag = 1; Area = Total,GOA_OFL_ABC_TAC_specs.csv,https://github.com/jimianelli/ABC_TAC/blob/84f019ebd44658503702944d65d3a52a9f76c889/data/GOA_OFL_ABC_TAC_specs.csv,b1d92e9b89f40aa444f514494ad8a5d8f4453a9bdadfda9efab278ff53161c42
GOA,1994,803310,553050,304595,17,17,0,16,16,17,1,1,0,0,0,0,sum_of_available_entries,sum_of_available_entries,all_selected_entries_numeric,metric tons,84f019ebd44658503702944d65d3a52a9f76c889,Public ABC_TAC compilation; source categories retained,OY = 1; lag = 1; Area = Total,GOA_OFL_ABC_TAC_specs.csv,https://github.com/jimianelli/ABC_TAC/blob/84f019ebd44658503702944d65d3a52a9f76c889/data/GOA_OFL_ABC_TAC_specs.csv,b1d92e9b89f40aa444f514494ad8a5d8f4453a9bdadfda9efab278ff53161c42
GOA,1995,839082,492780,279463,17,17,0,16,16,17,1,1,0,0,0,0,sum_of_available_entries,sum_of_available_entries,all_selected_entries_numeric,metric tons,84f019ebd44658503702944d65d3a52a9f76c889,Public ABC_TAC compilation; source categories retained,OY = 1; lag = 1; Area = Total,GOA_OFL_ABC_TAC_specs.csv,https://github.com/jimianelli/ABC_TAC/blob/84f019ebd44658503702944d65d3a52a9f76c889/data/GOA_OFL_ABC_TAC_specs.csv,b1d92e9b89f40aa444f514494ad8a5d8f4453a9bdadfda9efab278ff53161c42
GOA,1996,604383,475170,260207,17,17,0,16,16,17,1,1,0,0,0,0,sum_of_available_entries,sum_of_available_entries,all_selected_entries_numeric,metric tons,84f019ebd44658503702944d65d3a52a9f76c889,Public ABC_TAC compilation; source categories retained,OY = 1; lag = 1; Area = Total,GOA_OFL_ABC_TAC_specs.csv,https://github.com/jimianelli/ABC_TAC/blob/84f019ebd44658503702944d65d3a52a9f76c889/data/GOA_OFL_ABC_TAC_specs.csv,b1d92e9b89f40aa444f514494ad8a5d8f4453a9bdadfda9efab278ff53161c42
GOA,1997,784860,493050,282815,17,17,0,16,16,17,1,1,0,0,0,0,sum_of_available_entries,sum_of_available_entries,all_selected_entries_numeric,metric tons,84f019ebd44658503702944d65d3a52a9f76c889,Public ABC_TAC compilation; source categories retained,OY = 1; lag = 1; Area = Total,GOA_OFL_ABC_TAC_specs.csv,https://github.com/jimianelli/ABC_TAC/blob/84f019ebd44658503702944d65d3a52a9f76c889/data/GOA_OFL_ABC_TAC_specs.csv,b1d92e9b89f40aa444f514494ad8a5d8f4453a9bdadfda9efab278ff53161c42
GOA,1998,817270,548650,327046,17,17,0,16,16,17,1,1,0,0,0,0,sum_of_available_entries,sum_of_available_entries,all_selected_entries_numeric,metric tons,84f019ebd44658503702944d65d3a52a9f76c889,Public ABC_TAC compilation; source categories retained,OY = 1; lag = 1; Area = Total,GOA_OFL_ABC_TAC_specs.csv,https://github.com/jimianelli/ABC_TAC/blob/84f019ebd44658503702944d65d3a52a9f76c889/data/GOA_OFL_ABC_TAC_specs.csv,b1d92e9b89f40aa444f514494ad8a5d8f4453a9bdadfda9efab278ff53161c42
GOA,1999,778890,532590,306535,17,17,0,16,16,17,1,1,0,0,0,0,sum_of_available_entries,sum_of_available_entries,all_selected_entries_numeric,metric tons,84f019ebd44658503702944d65d3a52a9f76c889,Public ABC_TAC compilation; source categories retained,OY = 1; lag = 1; Area = Total,GOA_OFL_ABC_TAC_specs.csv,https://github.com/jimianelli/ABC_TAC/blob/84f019ebd44658503702944d65d3a52a9f76c889/data/GOA_OFL_ABC_TAC_specs.csv,b1d92e9b89f40aa444f514494ad8a5d8f4453a9bdadfda9efab278ff53161c42
GOA,2000,581040,448010,298510,17,17,0,16,16,17,1,1,0,0,0,0,sum_of_available_entries,sum_of_available_entries,all_selected_entries_numeric,metric tons,84f019ebd44658503702944d65d3a52a9f76c889,Public ABC_TAC compilation; source categories retained,OY = 1; lag = 1; Area = Total,GOA_OFL_ABC_TAC_specs.csv,https://github.com/jimianelli/ABC_TAC/blob/84f019ebd44658503702944d65d3a52a9f76c889/data/GOA_OFL_ABC_TAC_specs.csv,b1d92e9b89f40aa444f514494ad8a5d8f4453a9bdadfda9efab278ff53161c42
GOA,2001,554710,447710,285994,17,17,0,16,16,17,1,1,0,0,0,0,sum_of_available_entries,sum_of_available_entries,all_selected_entries_numeric,metric tons,84f019ebd44658503702944d65d3a52a9f76c889,Public ABC_TAC compilation; source categories retained,OY = 1; lag = 1; Area = Total,GOA_OFL_ABC_TAC_specs.csv,https://github.com/jimianelli/ABC_TAC/blob/84f019ebd44658503702944d65d3a52a9f76c889/data/GOA_OFL_ABC_TAC_specs.csv,b1d92e9b89f40aa444f514494ad8a5d8f4453a9bdadfda9efab278ff53161c42
GOA,2002,509450,394780,237680,17,17,0,16,16,17,1,1,0,0,0,0,sum_of_available_entries,sum_of_available_entries,all_selected_entries_numeric,metric tons,84f019ebd44658503702944d65d3a52a9f76c889,Public ABC_TAC compilation; source categories retained,OY = 1; lag = 1; Area = Total,GOA_OFL_ABC_TAC_specs.csv,https://github.com/jimianelli/ABC_TAC/blob/84f019ebd44658503702944d65d3a52a9f76c889/data/GOA_OFL_ABC_TAC_specs.csv,b1d92e9b89f40aa444f514494ad8a5d8f4453a9bdadfda9efab278ff53161c42
GOA,2003,531410,416600,236440,17,17,0,16,16,17,1,1,0,0,0,0,sum_of_available_entries,sum_of_available_entries,all_selected_entries_numeric,metric tons,84f019ebd44658503702944d65d3a52a9f76c889,Public ABC_TAC compilation; source categories retained,OY = 1; lag = 1; Area = Total,GOA_OFL_ABC_TAC_specs.csv,https://github.com/jimianelli/ABC_TAC/blob/84f019ebd44658503702944d65d3a52a9f76c889/data/GOA_OFL_ABC_TAC_specs.csv,b1d92e9b89f40aa444f514494ad8a5d8f4453a9bdadfda9efab278ff53161c42
GOA,2004,649460,498948,264433,17,17,0,16,16,17,1,1,0,0,0,0,sum_of_available_entries,sum_of_available_entries,all_selected_entries_numeric,metric tons,84f019ebd44658503702944d65d3a52a9f76c889,Public ABC_TAC compilation; source categories retained,OY = 1; lag = 1; Area = Total,GOA_OFL_ABC_TAC_specs.csv,https://github.com/jimianelli/ABC_TAC/blob/84f019ebd44658503702944d65d3a52a9f76c889/data/GOA_OFL_ABC_TAC_specs.csv,b1d92e9b89f40aa444f514494ad8a5d8f4453a9bdadfda9efab278ff53161c42
GOA,2005,713667,539263,291297,21,21,0,20,20,21,1,1,0,0,0,0,sum_of_available_entries,sum_of_available_entries,all_selected_entries_numeric,metric tons,84f019ebd44658503702944d65d3a52a9f76c889,Public ABC_TAC compilation; source categories retained,OY = 1; lag = 1; Area = Total,GOA_OFL_ABC_TAC_specs.csv,https://github.com/jimianelli/ABC_TAC/blob/84f019ebd44658503702944d65d3a52a9f76c889/data/GOA_OFL_ABC_TAC_specs.csv,b1d92e9b89f40aa444f514494ad8a5d8f4453a9bdadfda9efab278ff53161c42
GOA,2006,631293,500626,291950,21,21,0,20,20,21,1,1,0,0,0,0,sum_of_available_entries,sum_of_available_entries,all_selected_entries_numeric,metric tons,84f019ebd44658503702944d65d3a52a9f76c889,Public ABC_TAC compilation; source categories retained,OY = 1; lag = 1; Area = Total,GOA_OFL_ABC_TAC_specs.csv,https://github.com/jimianelli/ABC_TAC/blob/84f019ebd44658503702944d65d3a52a9f76c889/data/GOA_OFL_ABC_TAC_specs.csv,b1d92e9b89f40aa444f514494ad8a5d8f4453a9bdadfda9efab278ff53161c42
GOA,2007,615879,490327,269912,21,21,0,20,20,21,1,1,0,0,0,0,sum_of_available_entries,sum_of_available_entries,all_selected_entries_numeric,metric tons,84f019ebd44658503702944d65d3a52a9f76c889,Public ABC_TAC compilation; source categories retained,OY = 1; lag = 1; Area = Total,GOA_OFL_ABC_TAC_specs.csv,https://github.com/jimianelli/ABC_TAC/blob/84f019ebd44658503702944d65d3a52a9f76c889/data/GOA_OFL_ABC_TAC_specs.csv,b1d92e9b89f40aa444f514494ad8a5d8f4453a9bdadfda9efab278ff53161c42
GOA,2008,665642,536201,262826,21,21,0,20,20,21,1,1,0,0,0,0,sum_of_available_entries,sum_of_available_entries,all_selected_entries_numeric,metric tons,84f019ebd44658503702944d65d3a52a9f76c889,Public ABC_TAC compilation; source categories retained,OY = 1; lag = 1; Area = Total,GOA_OFL_ABC_TAC_specs.csv,https://github.com/jimianelli/ABC_TAC/blob/84f019ebd44658503702944d65d3a52a9f76c889/data/GOA_OFL_ABC_TAC_specs.csv,b1d92e9b89f40aa444f514494ad8a5d8f4453a9bdadfda9efab278ff53161c42
GOA,2009,632498,516055,242727,21,21,0,21,21,21,0,0,0,0,0,0,all_selected_entries_numeric,all_selected_entries_numeric,all_selected_entries_numeric,metric tons,84f019ebd44658503702944d65d3a52a9f76c889,Public ABC_TAC compilation; source categories retained,OY = 1; lag = 1; Area = Total,GOA_OFL_ABC_TAC_specs.csv,https://github.com/jimianelli/ABC_TAC/blob/84f019ebd44658503702944d65d3a52a9f76c889/data/GOA_OFL_ABC_TAC_specs.csv,b1d92e9b89f40aa444f514494ad8a5d8f4453a9bdadfda9efab278ff53161c42
GOA,2010,693253,565499,292087,21,21,0,21,21,21,0,0,0,0,0,0,all_selected_entries_numeric,all_selected_entries_numeric,all_selected_entries_numeric,metric tons,84f019ebd44658503702944d65d3a52a9f76c889,Public ABC_TAC compilation; source categories retained,OY = 1; lag = 1; Area = Total,GOA_OFL_ABC_TAC_specs.csv,https://github.com/jimianelli/ABC_TAC/blob/84f019ebd44658503702944d65d3a52a9f76c889/data/GOA_OFL_ABC_TAC_specs.csv,b1d92e9b89f40aa444f514494ad8a5d8f4453a9bdadfda9efab278ff53161c42
GOA,2011,723930,590121,318288,24,24,0,24,24,24,0,0,0,0,0,0,all_selected_entries_numeric,all_selected_entries_numeric,all_selected_entries_numeric,metric tons,84f019ebd44658503702944d65d3a52a9f76c889,Public ABC_TAC compilation; source categories retained,OY = 1; lag = 1; Area = Total,GOA_OFL_ABC_TAC_specs.csv,https://github.com/jimianelli/ABC_TAC/blob/84f019ebd44658503702944d65d3a52a9f76c889/data/GOA_OFL_ABC_TAC_specs.csv,b1d92e9b89f40aa444f514494ad8a5d8f4453a9bdadfda9efab278ff53161c42
GOA,2012,747780,606048,438159,24,24,0,24,24,24,0,0,0,0,0,0,all_selected_entries_numeric,all_selected_entries_numeric,all_selected_entries_numeric,metric tons,84f019ebd44658503702944d65d3a52a9f76c889,Public ABC_TAC compilation; source categories retained,OY = 1; lag = 1; Area = Total,GOA_OFL_ABC_TAC_specs.csv,https://github.com/jimianelli/ABC_TAC/blob/84f019ebd44658503702944d65d3a52a9f76c889/data/GOA_OFL_ABC_TAC_specs.csv,b1d92e9b89f40aa444f514494ad8a5d8f4453a9bdadfda9efab278ff53161c42
GOA,2013,738676,595920,436255,24,24,0,24,24,24,0,0,0,0,0,0,all_selected_entries_numeric,all_selected_entries_numeric,all_selected_entries_numeric,metric tons,84f019ebd44658503702944d65d3a52a9f76c889,Public ABC_TAC compilation; source categories retained,OY = 1; lag = 1; Area = Total,GOA_OFL_ABC_TAC_specs.csv,https://github.com/jimianelli/ABC_TAC/blob/84f019ebd44658503702944d65d3a52a9f76c889/data/GOA_OFL_ABC_TAC_specs.csv,b1d92e9b89f40aa444f514494ad8a5d8f4453a9bdadfda9efab278ff53161c42
GOA,2014,790468,640675,499274,24,24,0,24,24,24,0,0,0,0,0,0,all_selected_entries_numeric,all_selected_entries_numeric,all_selected_entries_numeric,metric tons,84f019ebd44658503702944d65d3a52a9f76c889,Public ABC_TAC compilation; source categories retained,OY = 1; lag = 1; Area = Total,GOA_OFL_ABC_TAC_specs.csv,https://github.com/jimianelli/ABC_TAC/blob/84f019ebd44658503702944d65d3a52a9f76c889/data/GOA_OFL_ABC_TAC_specs.csv,b1d92e9b89f40aa444f514494ad8a5d8f4453a9bdadfda9efab278ff53161c42
GOA,2015,870064,685596,536158,24,24,0,24,24,24,0,0,0,0,0,0,all_selected_entries_numeric,all_selected_entries_numeric,all_selected_entries_numeric,metric tons,84f019ebd44658503702944d65d3a52a9f76c889,Public ABC_TAC compilation; source categories retained,OY = 1; lag = 1; Area = Total,GOA_OFL_ABC_TAC_specs.csv,https://github.com/jimianelli/ABC_TAC/blob/84f019ebd44658503702944d65d3a52a9f76c889/data/GOA_OFL_ABC_TAC_specs.csv,b1d92e9b89f40aa444f514494ad8a5d8f4453a9bdadfda9efab278ff53161c42
GOA,2016,892964,727684,590809,24,24,0,24,24,24,0,0,0,0,0,0,all_selected_entries_numeric,all_selected_entries_numeric,all_selected_entries_numeric,metric tons,84f019ebd44658503702944d65d3a52a9f76c889,Public ABC_TAC compilation; source categories retained,OY = 1; lag = 1; Area = Total,GOA_OFL_ABC_TAC_specs.csv,https://github.com/jimianelli/ABC_TAC/blob/84f019ebd44658503702944d65d3a52a9f76c889/data/GOA_OFL_ABC_TAC_specs.csv,b1d92e9b89f40aa444f514494ad8a5d8f4453a9bdadfda9efab278ff53161c42
GOA,2017,796158,667877,535863,24,24,0,24,24,24,0,0,0,0,0,0,all_selected_entries_numeric,all_selected_entries_numeric,all_selected_entries_numeric,metric tons,84f019ebd44658503702944d65d3a52a9f76c889,Public ABC_TAC compilation; source categories retained,OY = 1; lag = 1; Area = Total,GOA_OFL_ABC_TAC_specs.csv,https://github.com/jimianelli/ABC_TAC/blob/84f019ebd44658503702944d65d3a52a9f76c889/data/GOA_OFL_ABC_TAC_specs.csv,b1d92e9b89f40aa444f514494ad8a5d8f4453a9bdadfda9efab278ff53161c42
GOA,2018,655707,536925,427512,24,24,0,24,24,24,0,0,0,0,0,0,all_selected_entries_numeric,all_selected_entries_numeric,all_selected_entries_numeric,metric tons,84f019ebd44658503702944d65d3a52a9f76c889,Public ABC_TAC compilation; source categories retained,OY = 1; lag = 1; Area = Total,GOA_OFL_ABC_TAC_specs.csv,https://github.com/jimianelli/ABC_TAC/blob/84f019ebd44658503702944d65d3a52a9f76c889/data/GOA_OFL_ABC_TAC_specs.csv,b1d92e9b89f40aa444f514494ad8a5d8f4453a9bdadfda9efab278ff53161c42
GOA,2019,664889,509507,430569,23,23,0,23,23,23,0,0,0,0,0,0,all_selected_entries_numeric,all_selected_entries_numeric,all_selected_entries_numeric,metric tons,84f019ebd44658503702944d65d3a52a9f76c889,Public ABC_TAC compilation; source categories retained,OY = 1; lag = 1; Area = Total,GOA_OFL_ABC_TAC_specs.csv,https://github.com/jimianelli/ABC_TAC/blob/84f019ebd44658503702944d65d3a52a9f76c889/data/GOA_OFL_ABC_TAC_specs.csv,b1d92e9b89f40aa444f514494ad8a5d8f4453a9bdadfda9efab278ff53161c42
GOA,2020,607120,465956,399239,23,23,0,23,23,23,0,0,0,0,0,0,all_selected_entries_numeric,all_selected_entries_numeric,all_selected_entries_numeric,metric tons,84f019ebd44658503702944d65d3a52a9f76c889,Public ABC_TAC compilation; source categories retained,OY = 1; lag = 1; Area = Total,GOA_OFL_ABC_TAC_specs.csv,https://github.com/jimianelli/ABC_TAC/blob/84f019ebd44658503702944d65d3a52a9f76c889/data/GOA_OFL_ABC_TAC_specs.csv,b1d92e9b89f40aa444f514494ad8a5d8f4453a9bdadfda9efab278ff53161c42
GOA,2021,610917,476037,407975,22,22,0,22,22,22,0,0,0,0,0,0,all_selected_entries_numeric,all_selected_entries_numeric,all_selected_entries_numeric,metric tons,84f019ebd44658503702944d65d3a52a9f76c889,Public ABC_TAC compilation; source categories retained,OY = 1; lag = 1; Area = Total,GOA_OFL_ABC_TAC_specs.csv,https://github.com/jimianelli/ABC_TAC/blob/84f019ebd44658503702944d65d3a52a9f76c889/data/GOA_OFL_ABC_TAC_specs.csv,b1d92e9b89f40aa444f514494ad8a5d8f4453a9bdadfda9efab278ff53161c42
GOA,2022,626738,508311,448118,22,22,0,22,22,22,0,0,0,0,0,0,all_selected_entries_numeric,all_selected_entries_numeric,all_selected_entries_numeric,metric tons,84f019ebd44658503702944d65d3a52a9f76c889,Public ABC_TAC compilation; source categories retained,OY = 1; lag = 1; Area = Total,GOA_OFL_ABC_TAC_specs.csv,https://github.com/jimianelli/ABC_TAC/blob/84f019ebd44658503702944d65d3a52a9f76c889/data/GOA_OFL_ABC_TAC_specs.csv,b1d92e9b89f40aa444f514494ad8a5d8f4453a9bdadfda9efab278ff53161c42
GOA,2023,615491,517071,465796,21,21,0,21,20,21,0,1,0,0,0,0,all_selected_entries_numeric,sum_of_available_entries,all_selected_entries_numeric,metric tons,84f019ebd44658503702944d65d3a52a9f76c889,Public ABC_TAC compilation; source categories retained,OY = 1; lag = 1; Area = Total,GOA_OFL_ABC_TAC_specs.csv,https://github.com/jimianelli/ABC_TAC/blob/84f019ebd44658503702944d65d3a52a9f76c889/data/GOA_OFL_ABC_TAC_specs.csv,b1d92e9b89f40aa444f514494ad8a5d8f4453a9bdadfda9efab278ff53161c42
GOA,2024,765608,599784,518320,22,22,0,22,22,22,0,0,0,0,0,0,all_selected_entries_numeric,all_selected_entries_numeric,all_selected_entries_numeric,metric tons,84f019ebd44658503702944d65d3a52a9f76c889,Public ABC_TAC compilation; source categories retained,OY = 1; lag = 1; Area = Total,GOA_OFL_ABC_TAC_specs.csv,https://github.com/jimianelli/ABC_TAC/blob/84f019ebd44658503702944d65d3a52a9f76c889/data/GOA_OFL_ABC_TAC_specs.csv,b1d92e9b89f40aa444f514494ad8a5d8f4453a9bdadfda9efab278ff53161c42
