Year,Region,Measure,upstream_report_sum_t,value_t,n_source_rows,n_numeric,n_missing,n_zero,status,difference_t,check
1986,BSAI,ABC,0,,29,0,29,0,unavailable,,all_missing_retained_as_missing
1986,BSAI,OFL,0,,29,0,29,0,unavailable,,all_missing_retained_as_missing
1986,BSAI,TAC,1992375,1992375,29,13,16,0,sum_of_available_entries,0,matches_upstream_report_sum
1987,BSAI,ABC,0,,29,0,29,0,unavailable,,all_missing_retained_as_missing
1987,BSAI,OFL,0,,29,0,29,0,unavailable,,all_missing_retained_as_missing
1987,BSAI,TAC,1988975,1988975,29,13,16,0,sum_of_available_entries,0,matches_upstream_report_sum
1988,BSAI,ABC,2840500,2840500,29,13,16,0,sum_of_available_entries,0,matches_upstream_report_sum
1988,BSAI,OFL,0,,29,0,29,0,unavailable,,all_missing_retained_as_missing
1988,BSAI,TAC,1989000,1989000,29,13,16,0,sum_of_available_entries,0,matches_upstream_report_sum
1989,BSAI,ABC,2678100,2678100,29,14,15,0,sum_of_available_entries,0,matches_upstream_report_sum
1989,BSAI,OFL,0,,29,0,29,0,unavailable,,all_missing_retained_as_missing
1989,BSAI,TAC,1989000,1989000,29,14,15,0,sum_of_available_entries,0,matches_upstream_report_sum
1990,BSAI,ABC,2915600,2915600,29,14,15,0,sum_of_available_entries,0,matches_upstream_report_sum
1990,BSAI,OFL,0,,29,0,29,0,unavailable,,all_missing_retained_as_missing
1990,BSAI,TAC,1987100,1987100,29,14,15,0,sum_of_available_entries,0,matches_upstream_report_sum
1991,BSAI,ABC,2910785,2910785,29,15,14,1,sum_of_available_entries,0,matches_upstream_report_sum
1991,BSAI,OFL,0,0,29,1,28,1,sum_of_available_entries,0,matches_upstream_report_sum
1991,BSAI,TAC,1978300,1978300,29,15,14,1,sum_of_available_entries,0,matches_upstream_report_sum
1992,BSAI,ABC,2755495,2755495,29,16,13,0,sum_of_available_entries,0,matches_upstream_report_sum
1992,BSAI,OFL,3674465,3674465,29,16,13,0,sum_of_available_entries,0,matches_upstream_report_sum
1992,BSAI,TAC,1981995,1981995,29,16,13,0,sum_of_available_entries,0,matches_upstream_report_sum
1993,BSAI,ABC,2456395,2456395,29,16,13,0,sum_of_available_entries,0,matches_upstream_report_sum
1993,BSAI,OFL,3329595,3329595,29,16,13,0,sum_of_available_entries,0,matches_upstream_report_sum
1993,BSAI,TAC,1979090,1979090,29,16,13,0,sum_of_available_entries,0,matches_upstream_report_sum
1994,BSAI,ABC,2641005,2641005,29,16,13,0,sum_of_available_entries,0,matches_upstream_report_sum
1994,BSAI,OFL,3606025,3606025,29,16,13,0,sum_of_available_entries,0,matches_upstream_report_sum
1994,BSAI,TAC,1984570,1984570,29,16,13,0,sum_of_available_entries,0,matches_upstream_report_sum
1995,BSAI,ABC,2825815,2825815,29,18,11,0,sum_of_available_entries,0,matches_upstream_report_sum
1995,BSAI,OFL,3634515,3634515,29,16,13,0,sum_of_available_entries,0,matches_upstream_report_sum
1995,BSAI,TAC,1989092,1989092,29,18,11,0,sum_of_available_entries,0,matches_upstream_report_sum
1996,BSAI,ABC,2806759,2806759,29,18,11,0,sum_of_available_entries,0,matches_upstream_report_sum
1996,BSAI,OFL,3571659,3571659,29,16,13,0,sum_of_available_entries,0,matches_upstream_report_sum
1996,BSAI,TAC,1986015,1986015,29,18,11,0,sum_of_available_entries,0,matches_upstream_report_sum
1997,BSAI,ABC,2446542,2446542,29,17,12,0,sum_of_available_entries,0,matches_upstream_report_sum
1997,BSAI,OFL,3965489,3965489,29,17,12,0,sum_of_available_entries,0,matches_upstream_report_sum
1997,BSAI,TAC,1982412,1982412,29,17,12,0,sum_of_available_entries,0,matches_upstream_report_sum
1998,BSAI,ABC,2440244,2440244,29,17,12,0,sum_of_available_entries,0,matches_upstream_report_sum
1998,BSAI,OFL,4176805,4176805,29,17,12,0,sum_of_available_entries,0,matches_upstream_report_sum
1998,BSAI,TAC,1985268,1985268,29,17,12,0,sum_of_available_entries,0,matches_upstream_report_sum
1999,BSAI,ABC,2231214,2231214,29,17,12,0,sum_of_available_entries,0,matches_upstream_report_sum
1999,BSAI,OFL,3695045,3695045,29,17,12,0,sum_of_available_entries,0,matches_upstream_report_sum
1999,BSAI,TAC,1983868,1983868,29,17,12,0,sum_of_available_entries,0,matches_upstream_report_sum
2000,BSAI,ABC,2244134,2244134,29,17,12,0,sum_of_available_entries,0,matches_upstream_report_sum
2000,BSAI,OFL,3120335,3120335,29,17,12,0,sum_of_available_entries,0,matches_upstream_report_sum
2000,BSAI,TAC,1984021,1984021,29,17,12,0,sum_of_available_entries,0,matches_upstream_report_sum
2001,BSAI,ABC,2915429,2915429,29,18,11,0,sum_of_available_entries,0,matches_upstream_report_sum
2001,BSAI,OFL,5003772,5003772,29,18,11,0,sum_of_available_entries,0,matches_upstream_report_sum
2001,BSAI,TAC,1988070,1988070,29,18,11,0,sum_of_available_entries,0,matches_upstream_report_sum
2002,BSAI,ABC,3184085,3184085,29,20,9,0,sum_of_available_entries,0,matches_upstream_report_sum
2002,BSAI,OFL,4974242,4974242,29,20,9,0,sum_of_available_entries,0,matches_upstream_report_sum
2002,BSAI,TAC,2000000,2000000,29,20,9,0,sum_of_available_entries,0,matches_upstream_report_sum
2003,BSAI,ABC,3296382,3296382,29,20,9,0,sum_of_available_entries,0,matches_upstream_report_sum
2003,BSAI,OFL,4867283,4867283,29,20,9,0,sum_of_available_entries,0,matches_upstream_report_sum
2003,BSAI,TAC,2000000,2000000,29,20,9,0,sum_of_available_entries,0,matches_upstream_report_sum
2004,BSAI,ABC,3044769,3044769,29,21,8,0,sum_of_available_entries,0,matches_upstream_report_sum
2004,BSAI,OFL,3509332,3509332,29,21,8,0,sum_of_available_entries,0,matches_upstream_report_sum
2004,BSAI,TAC,2000000,2000000,29,21,8,0,sum_of_available_entries,0,matches_upstream_report_sum
2005,BSAI,ABC,3044769,3044769,21,21,0,0,all_selected_entries_numeric,0,matches_upstream_report_sum
2005,BSAI,OFL,3509332,3509332,21,21,0,0,all_selected_entries_numeric,0,matches_upstream_report_sum
2005,BSAI,TAC,2000000,2000000,21,21,0,0,all_selected_entries_numeric,0,matches_upstream_report_sum
2006,BSAI,ABC,3013086,3013086,21,21,0,0,all_selected_entries_numeric,0,matches_upstream_report_sum
2006,BSAI,OFL,3476987,3476987,21,21,0,0,all_selected_entries_numeric,0,matches_upstream_report_sum
2006,BSAI,TAC,2000000,2000000,21,21,0,0,all_selected_entries_numeric,0,matches_upstream_report_sum
2007,BSAI,ABC,2676035,2676035,21,21,0,0,all_selected_entries_numeric,0,matches_upstream_report_sum
2007,BSAI,OFL,3188973,3188973,21,21,0,0,all_selected_entries_numeric,0,matches_upstream_report_sum
2007,BSAI,TAC,2000000,2000000,21,21,0,0,all_selected_entries_numeric,0,matches_upstream_report_sum
2008,BSAI,ABC,2472585,2472585,21,21,0,0,all_selected_entries_numeric,0,matches_upstream_report_sum
2008,BSAI,OFL,3205693,3205693,21,21,0,0,all_selected_entries_numeric,0,matches_upstream_report_sum
2008,BSAI,TAC,1838345,1838345,21,21,0,0,all_selected_entries_numeric,0,matches_upstream_report_sum
2009,BSAI,ABC,2204366,2204366,21,21,0,0,all_selected_entries_numeric,0,matches_upstream_report_sum
2009,BSAI,OFL,2636726,2636726,21,21,0,0,all_selected_entries_numeric,0,matches_upstream_report_sum
2009,BSAI,TAC,1681586,1681586,21,21,0,0,all_selected_entries_numeric,0,matches_upstream_report_sum
2010,BSAI,ABC,2121880,2121880,21,21,0,0,all_selected_entries_numeric,0,matches_upstream_report_sum
2010,BSAI,OFL,2462945,2462945,21,21,0,0,all_selected_entries_numeric,0,matches_upstream_report_sum
2010,BSAI,TAC,1677154,1677154,21,21,0,0,all_selected_entries_numeric,0,matches_upstream_report_sum
2011,BSAI,ABC,2534495,2534495,25,25,0,0,all_selected_entries_numeric,0,matches_upstream_report_sum
2011,BSAI,OFL,3953562,3953562,25,24,1,0,sum_of_available_entries,0,matches_upstream_report_sum
2011,BSAI,TAC,1999766,1999766,25,25,0,0,all_selected_entries_numeric,0,matches_upstream_report_sum
2012,BSAI,ABC,2511547,2511547,25,25,0,0,all_selected_entries_numeric,0,matches_upstream_report_sum
2012,BSAI,OFL,3995424,3995424,25,24,1,0,sum_of_available_entries,0,matches_upstream_report_sum
2012,BSAI,TAC,1999769,1999769,25,25,0,0,all_selected_entries_numeric,0,matches_upstream_report_sum
2013,BSAI,ABC,2639148,2639148,25,25,0,0,all_selected_entries_numeric,0,matches_upstream_report_sum
2013,BSAI,OFL,4028003,4028003,25,24,1,0,sum_of_available_entries,0,matches_upstream_report_sum
2013,BSAI,TAC,1999831,1999831,25,25,0,0,all_selected_entries_numeric,0,matches_upstream_report_sum
2014,BSAI,ABC,2572819,2572819,25,25,0,0,all_selected_entries_numeric,0,matches_upstream_report_sum
2014,BSAI,OFL,4196553,4196553,25,25,0,0,all_selected_entries_numeric,0,matches_upstream_report_sum
2014,BSAI,TAC,2000000,2000000,25,25,0,0,all_selected_entries_numeric,0,matches_upstream_report_sum
2015,BSAI,ABC,2848454,2848454,25,25,0,0,all_selected_entries_numeric,0,matches_upstream_report_sum
2015,BSAI,OFL,4769174,4769174,25,25,0,0,all_selected_entries_numeric,0,matches_upstream_report_sum
2015,BSAI,TAC,2000000,2000000,25,25,0,0,all_selected_entries_numeric,0,matches_upstream_report_sum
2016,BSAI,ABC,3236662,3236662,25,25,0,0,all_selected_entries_numeric,0,matches_upstream_report_sum
2016,BSAI,OFL,5324080,5324080,25,25,0,0,all_selected_entries_numeric,0,matches_upstream_report_sum
2016,BSAI,TAC,2000000,2000000,25,25,0,0,all_selected_entries_numeric,0,matches_upstream_report_sum
2017,BSAI,ABC,4013993,4013993,25,25,0,0,all_selected_entries_numeric,0,matches_upstream_report_sum
2017,BSAI,OFL,5110344,5110344,25,25,0,0,all_selected_entries_numeric,0,matches_upstream_report_sum
2017,BSAI,TAC,2000000,2000000,25,25,0,0,all_selected_entries_numeric,0,matches_upstream_report_sum
2018,BSAI,ABC,3779809,3779809,25,25,0,0,all_selected_entries_numeric,0,matches_upstream_report_sum
2018,BSAI,OFL,6235729,6235729,25,25,0,0,all_selected_entries_numeric,0,matches_upstream_report_sum
2018,BSAI,TAC,2000000,2000000,25,25,0,0,all_selected_entries_numeric,0,matches_upstream_report_sum
2019,BSAI,ABC,3367578,3367578,24,24,0,0,all_selected_entries_numeric,0,matches_upstream_report_sum
2019,BSAI,OFL,5340955,5340955,24,24,0,0,all_selected_entries_numeric,0,matches_upstream_report_sum
2019,BSAI,TAC,2000000,2000000,24,24,0,0,all_selected_entries_numeric,0,matches_upstream_report_sum
2020,BSAI,ABC,3272581,3272581,24,24,0,0,all_selected_entries_numeric,0,matches_upstream_report_sum
2020,BSAI,OFL,5533901,5533901,24,22,2,0,sum_of_available_entries,0,matches_upstream_report_sum
2020,BSAI,TAC,2000000,2000000,24,24,0,0,all_selected_entries_numeric,0,matches_upstream_report_sum
2021,BSAI,ABC,2747727,2747727,23,23,0,0,all_selected_entries_numeric,0,matches_upstream_report_sum
2021,BSAI,OFL,3884889,3884889,23,21,2,0,sum_of_available_entries,0,matches_upstream_report_sum
2021,BSAI,TAC,2000000,2000000,23,23,0,0,all_selected_entries_numeric,0,matches_upstream_report_sum
2022,BSAI,ABC,2383653,2383653,23,23,0,0,all_selected_entries_numeric,0,matches_upstream_report_sum
2022,BSAI,OFL,2912750,2912750,23,21,2,0,sum_of_available_entries,0,matches_upstream_report_sum
2022,BSAI,TAC,1871000,1871000,23,23,0,0,all_selected_entries_numeric,0,matches_upstream_report_sum
2023,BSAI,ABC,3132067,3132067,23,23,0,0,all_selected_entries_numeric,0,matches_upstream_report_sum
2023,BSAI,OFL,4812195,4812195,23,21,2,0,sum_of_available_entries,0,matches_upstream_report_sum
2023,BSAI,TAC,2000000,2000000,23,23,0,0,all_selected_entries_numeric,0,matches_upstream_report_sum
2024,BSAI,ABC,3454204,3454204,23,23,0,0,all_selected_entries_numeric,0,matches_upstream_report_sum
2024,BSAI,OFL,4553993,4553993,23,21,2,0,sum_of_available_entries,0,matches_upstream_report_sum
2024,BSAI,TAC,2000000,2000000,23,23,0,0,all_selected_entries_numeric,0,matches_upstream_report_sum
2025,BSAI,ABC,3565229,3565229,23,23,0,0,all_selected_entries_numeric,0,matches_upstream_report_sum
2025,BSAI,OFL,4276183,4276183,23,21,2,0,sum_of_available_entries,0,matches_upstream_report_sum
2025,BSAI,TAC,2000000,2000000,23,23,0,0,all_selected_entries_numeric,0,matches_upstream_report_sum
2026,BSAI,ABC,3166035,3166035,23,23,0,0,all_selected_entries_numeric,0,matches_upstream_report_sum
2026,BSAI,OFL,3791262,3791262,23,21,2,0,sum_of_available_entries,0,matches_upstream_report_sum
2026,BSAI,TAC,2000000,2000000,23,23,0,0,all_selected_entries_numeric,0,matches_upstream_report_sum
1986,GOA,ABC,0,,10,0,10,0,unavailable,,all_missing_retained_as_missing
1986,GOA,OFL,0,,10,0,10,0,unavailable,,all_missing_retained_as_missing
1986,GOA,TAC,421773,421773,10,10,0,0,all_selected_entries_numeric,0,matches_upstream_report_sum
1987,GOA,ABC,0,,11,0,11,0,unavailable,,all_missing_retained_as_missing
1987,GOA,OFL,0,,11,0,11,0,unavailable,,all_missing_retained_as_missing
1987,GOA,TAC,220552,220552,11,11,0,0,all_selected_entries_numeric,0,matches_upstream_report_sum
1988,GOA,ABC,1018550,1018550,9,7,2,0,sum_of_available_entries,0,matches_upstream_report_sum
1988,GOA,OFL,0,,9,0,9,0,unavailable,,all_missing_retained_as_missing
1988,GOA,TAC,260936,260936,9,9,0,0,all_selected_entries_numeric,0,matches_upstream_report_sum
1989,GOA,ABC,750600,750600,9,7,2,0,sum_of_available_entries,0,matches_upstream_report_sum
1989,GOA,OFL,0,,9,0,9,0,unavailable,,all_missing_retained_as_missing
1989,GOA,TAC,231966,231966,9,9,0,0,all_selected_entries_numeric,0,matches_upstream_report_sum
1990,GOA,ABC,606800,606800,11,9,2,0,sum_of_available_entries,0,matches_upstream_report_sum
1990,GOA,OFL,0,,11,0,11,0,unavailable,,all_missing_retained_as_missing
1990,GOA,TAC,297749,297749,11,11,0,0,all_selected_entries_numeric,0,matches_upstream_report_sum
1991,GOA,ABC,743643,743643,14,13,1,0,sum_of_available_entries,0,matches_upstream_report_sum
1991,GOA,OFL,0,,14,0,14,0,unavailable,,all_missing_retained_as_missing
1991,GOA,TAC,301089,301089,14,14,0,0,all_selected_entries_numeric,0,matches_upstream_report_sum
1992,GOA,ABC,656604,656604,14,13,1,0,sum_of_available_entries,0,matches_upstream_report_sum
1992,GOA,OFL,1000072,1000072,14,13,1,0,sum_of_available_entries,0,matches_upstream_report_sum
1992,GOA,TAC,282066,282066,14,14,0,0,all_selected_entries_numeric,0,matches_upstream_report_sum
1993,GOA,ABC,732868,732868,15,14,1,0,sum_of_available_entries,0,matches_upstream_report_sum
1993,GOA,OFL,1088679,1088679,15,14,1,0,sum_of_available_entries,0,matches_upstream_report_sum
1993,GOA,TAC,306651,306651,15,15,0,0,all_selected_entries_numeric,0,matches_upstream_report_sum
1994,GOA,ABC,553050,553050,17,16,1,0,sum_of_available_entries,0,matches_upstream_report_sum
1994,GOA,OFL,803310,803310,17,16,1,0,sum_of_available_entries,0,matches_upstream_report_sum
1994,GOA,TAC,304595,304595,17,17,0,0,all_selected_entries_numeric,0,matches_upstream_report_sum
1995,GOA,ABC,492780,492780,17,16,1,0,sum_of_available_entries,0,matches_upstream_report_sum
1995,GOA,OFL,839082,839082,17,16,1,0,sum_of_available_entries,0,matches_upstream_report_sum
1995,GOA,TAC,279463,279463,17,17,0,0,all_selected_entries_numeric,0,matches_upstream_report_sum
1996,GOA,ABC,475170,475170,17,16,1,0,sum_of_available_entries,0,matches_upstream_report_sum
1996,GOA,OFL,604383,604383,17,16,1,0,sum_of_available_entries,0,matches_upstream_report_sum
1996,GOA,TAC,260207,260207,17,17,0,0,all_selected_entries_numeric,0,matches_upstream_report_sum
1997,GOA,ABC,493050,493050,17,16,1,0,sum_of_available_entries,0,matches_upstream_report_sum
1997,GOA,OFL,784860,784860,17,16,1,0,sum_of_available_entries,0,matches_upstream_report_sum
1997,GOA,TAC,282815,282815,17,17,0,0,all_selected_entries_numeric,0,matches_upstream_report_sum
1998,GOA,ABC,548650,548650,17,16,1,0,sum_of_available_entries,0,matches_upstream_report_sum
1998,GOA,OFL,817270,817270,17,16,1,0,sum_of_available_entries,0,matches_upstream_report_sum
1998,GOA,TAC,327046,327046,17,17,0,0,all_selected_entries_numeric,0,matches_upstream_report_sum
1999,GOA,ABC,532590,532590,17,16,1,0,sum_of_available_entries,0,matches_upstream_report_sum
1999,GOA,OFL,778890,778890,17,16,1,0,sum_of_available_entries,0,matches_upstream_report_sum
1999,GOA,TAC,306535,306535,17,17,0,0,all_selected_entries_numeric,0,matches_upstream_report_sum
2000,GOA,ABC,448010,448010,17,16,1,0,sum_of_available_entries,0,matches_upstream_report_sum
2000,GOA,OFL,581040,581040,17,16,1,0,sum_of_available_entries,0,matches_upstream_report_sum
2000,GOA,TAC,298510,298510,17,17,0,0,all_selected_entries_numeric,0,matches_upstream_report_sum
2001,GOA,ABC,447710,447710,17,16,1,0,sum_of_available_entries,0,matches_upstream_report_sum
2001,GOA,OFL,554710,554710,17,16,1,0,sum_of_available_entries,0,matches_upstream_report_sum
2001,GOA,TAC,285994,285994,17,17,0,0,all_selected_entries_numeric,0,matches_upstream_report_sum
2002,GOA,ABC,394780,394780,17,16,1,0,sum_of_available_entries,0,matches_upstream_report_sum
2002,GOA,OFL,509450,509450,17,16,1,0,sum_of_available_entries,0,matches_upstream_report_sum
2002,GOA,TAC,237680,237680,17,17,0,0,all_selected_entries_numeric,0,matches_upstream_report_sum
2003,GOA,ABC,416600,416600,17,16,1,0,sum_of_available_entries,0,matches_upstream_report_sum
2003,GOA,OFL,531410,531410,17,16,1,0,sum_of_available_entries,0,matches_upstream_report_sum
2003,GOA,TAC,236440,236440,17,17,0,0,all_selected_entries_numeric,0,matches_upstream_report_sum
2004,GOA,ABC,498948,498948,17,16,1,0,sum_of_available_entries,0,matches_upstream_report_sum
2004,GOA,OFL,649460,649460,17,16,1,0,sum_of_available_entries,0,matches_upstream_report_sum
2004,GOA,TAC,264433,264433,17,17,0,0,all_selected_entries_numeric,0,matches_upstream_report_sum
2005,GOA,ABC,539263,539263,21,20,1,0,sum_of_available_entries,0,matches_upstream_report_sum
2005,GOA,OFL,713667,713667,21,20,1,0,sum_of_available_entries,0,matches_upstream_report_sum
2005,GOA,TAC,291297,291297,21,21,0,0,all_selected_entries_numeric,0,matches_upstream_report_sum
2006,GOA,ABC,500626,500626,21,20,1,0,sum_of_available_entries,0,matches_upstream_report_sum
2006,GOA,OFL,631293,631293,21,20,1,0,sum_of_available_entries,0,matches_upstream_report_sum
2006,GOA,TAC,291950,291950,21,21,0,0,all_selected_entries_numeric,0,matches_upstream_report_sum
2007,GOA,ABC,490327,490327,21,20,1,0,sum_of_available_entries,0,matches_upstream_report_sum
2007,GOA,OFL,615879,615879,21,20,1,0,sum_of_available_entries,0,matches_upstream_report_sum
2007,GOA,TAC,269912,269912,21,21,0,0,all_selected_entries_numeric,0,matches_upstream_report_sum
2008,GOA,ABC,536201,536201,21,20,1,0,sum_of_available_entries,0,matches_upstream_report_sum
2008,GOA,OFL,665642,665642,21,20,1,0,sum_of_available_entries,0,matches_upstream_report_sum
2008,GOA,TAC,262826,262826,21,21,0,0,all_selected_entries_numeric,0,matches_upstream_report_sum
2009,GOA,ABC,516055,516055,21,21,0,0,all_selected_entries_numeric,0,matches_upstream_report_sum
2009,GOA,OFL,632498,632498,21,21,0,0,all_selected_entries_numeric,0,matches_upstream_report_sum
2009,GOA,TAC,242727,242727,21,21,0,0,all_selected_entries_numeric,0,matches_upstream_report_sum
2010,GOA,ABC,565499,565499,21,21,0,0,all_selected_entries_numeric,0,matches_upstream_report_sum
2010,GOA,OFL,693253,693253,21,21,0,0,all_selected_entries_numeric,0,matches_upstream_report_sum
2010,GOA,TAC,292087,292087,21,21,0,0,all_selected_entries_numeric,0,matches_upstream_report_sum
2011,GOA,ABC,590121,590121,24,24,0,0,all_selected_entries_numeric,0,matches_upstream_report_sum
2011,GOA,OFL,723930,723930,24,24,0,0,all_selected_entries_numeric,0,matches_upstream_report_sum
2011,GOA,TAC,318288,318288,24,24,0,0,all_selected_entries_numeric,0,matches_upstream_report_sum
2012,GOA,ABC,606048,606048,24,24,0,0,all_selected_entries_numeric,0,matches_upstream_report_sum
2012,GOA,OFL,747780,747780,24,24,0,0,all_selected_entries_numeric,0,matches_upstream_report_sum
2012,GOA,TAC,438159,438159,24,24,0,0,all_selected_entries_numeric,0,matches_upstream_report_sum
2013,GOA,ABC,595920,595920,24,24,0,0,all_selected_entries_numeric,0,matches_upstream_report_sum
2013,GOA,OFL,738676,738676,24,24,0,0,all_selected_entries_numeric,0,matches_upstream_report_sum
2013,GOA,TAC,436255,436255,24,24,0,0,all_selected_entries_numeric,0,matches_upstream_report_sum
2014,GOA,ABC,640675,640675,24,24,0,0,all_selected_entries_numeric,0,matches_upstream_report_sum
2014,GOA,OFL,790468,790468,24,24,0,0,all_selected_entries_numeric,0,matches_upstream_report_sum
2014,GOA,TAC,499274,499274,24,24,0,0,all_selected_entries_numeric,0,matches_upstream_report_sum
2015,GOA,ABC,685596,685596,24,24,0,0,all_selected_entries_numeric,0,matches_upstream_report_sum
2015,GOA,OFL,870064,870064,24,24,0,0,all_selected_entries_numeric,0,matches_upstream_report_sum
2015,GOA,TAC,536158,536158,24,24,0,0,all_selected_entries_numeric,0,matches_upstream_report_sum
2016,GOA,ABC,727684,727684,24,24,0,0,all_selected_entries_numeric,0,matches_upstream_report_sum
2016,GOA,OFL,892964,892964,24,24,0,0,all_selected_entries_numeric,0,matches_upstream_report_sum
2016,GOA,TAC,590809,590809,24,24,0,0,all_selected_entries_numeric,0,matches_upstream_report_sum
2017,GOA,ABC,667877,667877,24,24,0,0,all_selected_entries_numeric,0,matches_upstream_report_sum
2017,GOA,OFL,796158,796158,24,24,0,0,all_selected_entries_numeric,0,matches_upstream_report_sum
2017,GOA,TAC,535863,535863,24,24,0,0,all_selected_entries_numeric,0,matches_upstream_report_sum
2018,GOA,ABC,536925,536925,24,24,0,0,all_selected_entries_numeric,0,matches_upstream_report_sum
2018,GOA,OFL,655707,655707,24,24,0,0,all_selected_entries_numeric,0,matches_upstream_report_sum
2018,GOA,TAC,427512,427512,24,24,0,0,all_selected_entries_numeric,0,matches_upstream_report_sum
2019,GOA,ABC,509507,509507,23,23,0,0,all_selected_entries_numeric,0,matches_upstream_report_sum
2019,GOA,OFL,664889,664889,23,23,0,0,all_selected_entries_numeric,0,matches_upstream_report_sum
2019,GOA,TAC,430569,430569,23,23,0,0,all_selected_entries_numeric,0,matches_upstream_report_sum
2020,GOA,ABC,465956,465956,23,23,0,0,all_selected_entries_numeric,0,matches_upstream_report_sum
2020,GOA,OFL,607120,607120,23,23,0,0,all_selected_entries_numeric,0,matches_upstream_report_sum
2020,GOA,TAC,399239,399239,23,23,0,0,all_selected_entries_numeric,0,matches_upstream_report_sum
2021,GOA,ABC,476037,476037,22,22,0,0,all_selected_entries_numeric,0,matches_upstream_report_sum
2021,GOA,OFL,610917,610917,22,22,0,0,all_selected_entries_numeric,0,matches_upstream_report_sum
2021,GOA,TAC,407975,407975,22,22,0,0,all_selected_entries_numeric,0,matches_upstream_report_sum
2022,GOA,ABC,508311,508311,22,22,0,0,all_selected_entries_numeric,0,matches_upstream_report_sum
2022,GOA,OFL,626738,626738,22,22,0,0,all_selected_entries_numeric,0,matches_upstream_report_sum
2022,GOA,TAC,448118,448118,22,22,0,0,all_selected_entries_numeric,0,matches_upstream_report_sum
2023,GOA,ABC,517071,517071,21,21,0,0,all_selected_entries_numeric,0,matches_upstream_report_sum
2023,GOA,OFL,615491,615491,21,20,1,0,sum_of_available_entries,0,matches_upstream_report_sum
2023,GOA,TAC,465796,465796,21,21,0,0,all_selected_entries_numeric,0,matches_upstream_report_sum
2024,GOA,ABC,599784,599784,22,22,0,0,all_selected_entries_numeric,0,matches_upstream_report_sum
2024,GOA,OFL,765608,765608,22,22,0,0,all_selected_entries_numeric,0,matches_upstream_report_sum
2024,GOA,TAC,518320,518320,22,22,0,0,all_selected_entries_numeric,0,matches_upstream_report_sum
